Entity,Code,Date,Case fatality rate of COVID-19 (%) (Only observations with â‰¥100 cases) (%)
Afghanistan,AFG,"Mar 29, 2020",2.8301886792452833
Afghanistan,AFG,"Mar 30, 2020",3.508771929824561
Afghanistan,AFG,"Mar 31, 2020",2.8368794326241136
Afghanistan,AFG,"Apr 1, 2020",2.4096385542168677
Albania,ALB,"Mar 24, 2020",4
Albania,ALB,"Mar 25, 2020",4.0650406504065035
Albania,ALB,"Mar 26, 2020",3.4246575342465753
Albania,ALB,"Mar 27, 2020",3.4482758620689653
Albania,ALB,"Mar 28, 2020",4.838709677419355
Albania,ALB,"Mar 29, 2020",5.0761421319796955
Albania,ALB,"Mar 30, 2020",4.716981132075472
Albania,ALB,"Mar 31, 2020",5.381165919282512
Albania,ALB,"Apr 1, 2020",6.172839506172839
Algeria,DZA,"Mar 23, 2020",14.705882352941178
Algeria,DZA,"Mar 24, 2020",8.994708994708994
Algeria,DZA,"Mar 25, 2020",7.35930735930736
Algeria,DZA,"Mar 26, 2020",6.4393939393939394
Algeria,DZA,"Mar 27, 2020",6.885245901639345
Algeria,DZA,"Mar 28, 2020",6.885245901639345
Algeria,DZA,"Mar 29, 2020",6.356968215158925
Algeria,DZA,"Mar 30, 2020",6.387665198237885
Algeria,DZA,"Mar 31, 2020",6.066536203522505
Algeria,DZA,"Apr 1, 2020",5.993150684931506
Andorra,AND,"Mar 23, 2020",0
Andorra,AND,"Mar 24, 2020",0
Andorra,AND,"Mar 25, 2020",0
Andorra,AND,"Mar 26, 2020",0
Andorra,AND,"Mar 27, 2020",1.3392857142857142
Andorra,AND,"Mar 28, 2020",1.1235955056179776
Andorra,AND,"Mar 29, 2020",1.2987012987012987
Andorra,AND,"Mar 30, 2020",1.7964071856287425
Andorra,AND,"Mar 31, 2020",2.1621621621621623
Andorra,AND,"Apr 1, 2020",3.1914893617021276
Argentina,ARG,"Mar 20, 2020",2.34375
Argentina,ARG,"Mar 21, 2020",1.89873417721519
Argentina,ARG,"Mar 22, 2020",1.7777777777777777
Argentina,ARG,"Mar 23, 2020",1.5037593984962405
Argentina,ARG,"Mar 24, 2020",1.3289036544850499
Argentina,ARG,"Mar 25, 2020",1.550387596899225
Argentina,ARG,"Mar 26, 2020",1.593625498007968
Argentina,ARG,"Mar 27, 2020",2.037351443123939
Argentina,ARG,"Mar 28, 2020",2.4637681159420293
Argentina,ARG,"Mar 29, 2020",2.5503355704697985
Argentina,ARG,"Mar 30, 2020",2.4390243902439024
Argentina,ARG,"Mar 31, 2020",2.484472049689441
Argentina,ARG,"Apr 1, 2020",2.484472049689441
Armenia,ARM,"Mar 19, 2020",0
Armenia,ARM,"Mar 20, 2020",0
Armenia,ARM,"Mar 21, 2020",0
Armenia,ARM,"Mar 22, 2020",0
Armenia,ARM,"Mar 23, 2020",0
Armenia,ARM,"Mar 24, 2020",0
Armenia,ARM,"Mar 25, 2020",0
Armenia,ARM,"Mar 26, 2020",0
Armenia,ARM,"Mar 27, 2020",0.303951367781155
Armenia,ARM,"Mar 28, 2020",0.2688172043010753
Armenia,ARM,"Mar 29, 2020",0.7075471698113208
Armenia,ARM,"Mar 30, 2020",0.7075471698113208
Armenia,ARM,"Mar 31, 2020",0.6224066390041494
Armenia,ARM,"Apr 1, 2020",0.5639097744360901
Australia,AUS,"Mar 10, 2020",3
Australia,AUS,"Mar 11, 2020",2.6785714285714284
Australia,AUS,"Mar 12, 2020",2.380952380952381
Australia,AUS,"Mar 13, 2020",1.9230769230769231
Australia,AUS,"Mar 14, 2020",1.5228426395939088
Australia,AUS,"Mar 15, 2020",1.2048192771084338
Australia,AUS,"Mar 16, 2020",1.6778523489932886
Australia,AUS,"Mar 17, 2020",1.3333333333333335
Australia,AUS,"Mar 18, 2020",1.1013215859030838
Australia,AUS,"Mar 19, 2020",1.0619469026548671
Australia,AUS,"Mar 20, 2020",0.846262341325811
Australia,AUS,"Mar 21, 2020",0.8009153318077803
Australia,AUS,"Mar 22, 2020",0.6375227686703097
Australia,AUS,"Mar 23, 2020",0.40959625511995323
Australia,AUS,"Mar 24, 2020",0.38398244651673064
Australia,AUS,"Mar 25, 2020",0.33016921172100705
Australia,AUS,"Mar 26, 2020",0.3929974991068239
Australia,AUS,"Mar 27, 2020",0.410612760581175
Australia,AUS,"Mar 28, 2020",0.3848431024274719
Australia,AUS,"Mar 29, 2020",0.36755053819900235
Australia,AUS,"Mar 30, 2020",0.3909113119960909
Australia,AUS,"Mar 31, 2020",0.41694096993636165
Australia,AUS,"Apr 1, 2020",0.42489908646696406
Austria,AUT,"Mar 9, 2020",0
Austria,AUT,"Mar 10, 2020",0
Austria,AUT,"Mar 11, 2020",0
Austria,AUT,"Mar 12, 2020",0
Austria,AUT,"Mar 13, 2020",0.2770083102493075
Austria,AUT,"Mar 14, 2020",0.1984126984126984
Austria,AUT,"Mar 15, 2020",0.15267175572519084
Austria,AUT,"Mar 16, 2020",0.11627906976744186
Austria,AUT,"Mar 17, 2020",0.2952755905511811
Austria,AUT,"Mar 18, 2020",0.22522522522522523
Austria,AUT,"Mar 19, 2020",0.24301336573511542
Austria,AUT,"Mar 20, 2020",0.273224043715847
Austria,AUT,"Mar 21, 2020",0.22650056625141565
Austria,AUT,"Mar 22, 2020",0.26455026455026454
Austria,AUT,"Mar 23, 2020",0.4406499586890664
Austria,AUT,"Mar 24, 2020",0.5572893446277307
Austria,AUT,"Mar 25, 2020",0.5679666792881485
Austria,AUT,"Mar 26, 2020",0.577445652173913
Austria,AUT,"Mar 27, 2020",0.7397922890880637
Austria,AUT,"Mar 28, 2020",0.883461088735871
Austria,AUT,"Mar 29, 2020",0.8201664455433603
Austria,AUT,"Mar 30, 2020",0.9758311585158288
Austria,AUT,"Mar 31, 2020",1.122894572676232
Austria,AUT,"Apr 1, 2020",1.2571204085641328
Azerbaijan,AZE,"Mar 27, 2020",2.459016393442623
Azerbaijan,AZE,"Mar 28, 2020",1.8181818181818181
Azerbaijan,AZE,"Mar 29, 2020",2.197802197802198
Azerbaijan,AZE,"Mar 30, 2020",1.9138755980861244
Azerbaijan,AZE,"Mar 31, 2020",1.465201465201465
Azerbaijan,AZE,"Apr 1, 2020",1.6778523489932886
Bahrain,BHR,"Mar 10, 2020",0
Bahrain,BHR,"Mar 11, 2020",0
Bahrain,BHR,"Mar 12, 2020",0
Bahrain,BHR,"Mar 13, 2020",0
Bahrain,BHR,"Mar 14, 2020",0
Bahrain,BHR,"Mar 15, 2020",0
Bahrain,BHR,"Mar 16, 2020",0
Bahrain,BHR,"Mar 17, 2020",0.4524886877828055
Bahrain,BHR,"Mar 18, 2020",0.42194092827004215
Bahrain,BHR,"Mar 19, 2020",0.390625
Bahrain,BHR,"Mar 20, 2020",0.37174721189591076
Bahrain,BHR,"Mar 21, 2020",0.3508771929824561
Bahrain,BHR,"Mar 22, 2020",0.32679738562091504
Bahrain,BHR,"Mar 23, 2020",0.5988023952095809
Bahrain,BHR,"Mar 24, 2020",0.5899705014749262
Bahrain,BHR,"Mar 25, 2020",0.7692307692307693
Bahrain,BHR,"Mar 26, 2020",0.7159904534606205
Bahrain,BHR,"Mar 27, 2020",0.8733624454148471
Bahrain,BHR,"Mar 28, 2020",0.8583690987124464
Bahrain,BHR,"Mar 29, 2020",0.8456659619450317
Bahrain,BHR,"Mar 30, 2020",0.8
Bahrain,BHR,"Mar 31, 2020",0.7766990291262136
Bahrain,BHR,"Apr 1, 2020",0.7054673721340388
Belarus,BLR,"Mar 31, 2020",0
Belarus,BLR,"Apr 1, 2020",0
Belgium,BEL,"Mar 7, 2020",0
Belgium,BEL,"Mar 8, 2020",0
Belgium,BEL,"Mar 9, 2020",0
Belgium,BEL,"Mar 10, 2020",0
Belgium,BEL,"Mar 11, 2020",0
Belgium,BEL,"Mar 12, 2020",0.9554140127388535
Belgium,BEL,"Mar 13, 2020",0.7518796992481203
Belgium,BEL,"Mar 14, 2020",0.5366726296958855
Belgium,BEL,"Mar 15, 2020",0.5805515239477503
Belgium,BEL,"Mar 16, 2020",0.4514672686230248
Belgium,BEL,"Mar 17, 2020",0.4608294930875576
Belgium,BEL,"Mar 18, 2020",0.4022526146419952
Belgium,BEL,"Mar 19, 2020",0.9421265141318977
Belgium,BEL,"Mar 20, 2020",1.16991643454039
Belgium,BEL,"Mar 21, 2020",1.639344262295082
Belgium,BEL,"Mar 22, 2020",2.380106571936057
Belgium,BEL,"Mar 23, 2020",2.2052337547780065
Belgium,BEL,"Mar 24, 2020",2.351055303232701
Belgium,BEL,"Mar 25, 2020",2.8578121339892246
Belgium,BEL,"Mar 26, 2020",3.6054283978124366
Belgium,BEL,"Mar 27, 2020",3.5284683239775463
Belgium,BEL,"Mar 28, 2020",3.9676002196595275
Belgium,BEL,"Mar 29, 2020",3.8646814101160496
Belgium,BEL,"Mar 30, 2020",3.9774824658545587
Belgium,BEL,"Mar 31, 2020",4.311286662744768
Belgium,BEL,"Apr 1, 2020",5.518590998043052
Bolivia,BOL,"Mar 31, 2020",5.607476635514018
Bolivia,BOL,"Apr 1, 2020",6.086956521739131
Bosnia and Herzegovina,BIH,"Mar 23, 2020",0.8
Bosnia and Herzegovina,BIH,"Mar 24, 2020",0.7751937984496124
Bosnia and Herzegovina,BIH,"Mar 25, 2020",1.2345679012345678
Bosnia and Herzegovina,BIH,"Mar 26, 2020",1.6574585635359116
Bosnia and Herzegovina,BIH,"Mar 27, 2020",1.6574585635359116
Bosnia and Herzegovina,BIH,"Mar 28, 2020",1.3100436681222707
Bosnia and Herzegovina,BIH,"Mar 29, 2020",1.9455252918287937
Bosnia and Herzegovina,BIH,"Mar 30, 2020",1.8575851393188854
Bosnia and Herzegovina,BIH,"Mar 31, 2020",2.26628895184136
Bosnia and Herzegovina,BIH,"Apr 1, 2020",2.9055690072639226
Brazil,BRA,"Mar 15, 2020",0
Brazil,BRA,"Mar 16, 2020",0
Brazil,BRA,"Mar 17, 2020",0
Brazil,BRA,"Mar 18, 2020",0.3436426116838488
Brazil,BRA,"Mar 19, 2020",0.9345794392523363
Brazil,BRA,"Mar 20, 2020",0.966183574879227
Brazil,BRA,"Mar 21, 2020",1.2168141592920354
Brazil,BRA,"Mar 22, 2020",1.5957446808510638
Brazil,BRA,"Mar 23, 2020",1.6170763260025873
Brazil,BRA,"Mar 24, 2020",1.7979904812268643
Brazil,BRA,"Mar 25, 2020",2.0899591094956835
Brazil,BRA,"Mar 26, 2020",2.342786683107275
Brazil,BRA,"Mar 27, 2020",2.6415094339622645
Brazil,BRA,"Mar 28, 2020",2.692420251682763
Brazil,BRA,"Mar 29, 2020",2.920081967213115
Brazil,BRA,"Mar 30, 2020",3.195488721804511
Brazil,BRA,"Mar 31, 2020",3.4723738807599913
Brazil,BRA,"Apr 1, 2020",3.5158299807591393
Brunei,BRN,"Mar 25, 2020",0
Brunei,BRN,"Mar 26, 2020",0
Brunei,BRN,"Mar 27, 2020",0
Brunei,BRN,"Mar 28, 2020",0
Brunei,BRN,"Mar 29, 2020",0.8333333333333334
Brunei,BRN,"Mar 30, 2020",0.7936507936507936
Brunei,BRN,"Mar 31, 2020",0.7874015748031495
Brunei,BRN,"Apr 1, 2020",0.7751937984496124
Bulgaria,BGR,"Mar 20, 2020",2.857142857142857
Bulgaria,BGR,"Mar 21, 2020",2.3622047244094486
Bulgaria,BGR,"Mar 22, 2020",1.8404907975460123
Bulgaria,BGR,"Mar 23, 2020",1.6216216216216217
Bulgaria,BGR,"Mar 24, 2020",1.4925373134328357
Bulgaria,BGR,"Mar 25, 2020",1.3636363636363635
Bulgaria,BGR,"Mar 26, 2020",1.2396694214876034
Bulgaria,BGR,"Mar 27, 2020",1.1363636363636365
Bulgaria,BGR,"Mar 28, 2020",1.023890784982935
Bulgaria,BGR,"Mar 29, 2020",2.1148036253776437
Bulgaria,BGR,"Mar 30, 2020",2.312138728323699
Bulgaria,BGR,"Mar 31, 2020",2.2284122562674096
Bulgaria,BGR,"Apr 1, 2020",2.0050125313283207
Burkina Faso,BFA,"Mar 26, 2020",2.631578947368421
Burkina Faso,BFA,"Mar 27, 2020",2.054794520547945
Burkina Faso,BFA,"Mar 28, 2020",2.054794520547945
Burkina Faso,BFA,"Mar 29, 2020",5
Burkina Faso,BFA,"Mar 30, 2020",5
Burkina Faso,BFA,"Mar 31, 2020",5.405405405405405
Burkina Faso,BFA,"Apr 1, 2020",4.878048780487805
Cambodia,KHM,"Mar 28, 2020",0
Cambodia,KHM,"Mar 29, 2020",0
Cambodia,KHM,"Mar 30, 2020",0
Cambodia,KHM,"Mar 31, 2020",0
Cambodia,KHM,"Apr 1, 2020",0
Cameroon,CMR,"Mar 31, 2020",1.4084507042253522
Cameroon,CMR,"Apr 1, 2020",4.145077720207254
Canada,CAN,"Mar 12, 2020",0.9708737864077669
Canada,CAN,"Mar 13, 2020",0.7246376811594203
Canada,CAN,"Mar 14, 2020",0.5681818181818182
Canada,CAN,"Mar 15, 2020",0.4098360655737705
Canada,CAN,"Mar 16, 2020",0.3289473684210526
Canada,CAN,"Mar 17, 2020",0.9433962264150944
Canada,CAN,"Mar 18, 2020",1.4059753954305798
Canada,CAN,"Mar 19, 2020",1.3043478260869565
Canada,CAN,"Mar 20, 2020",1.1820330969267139
Canada,CAN,"Mar 21, 2020",1.235839340885685
Canada,CAN,"Mar 22, 2020",1.0560519902518277
Canada,CAN,"Mar 23, 2020",1.2587412587412588
Canada,CAN,"Mar 24, 2020",1.4580801944106925
Canada,CAN,"Mar 25, 2020",1.3782542113323124
Canada,CAN,"Mar 26, 2020",1.03397341211226
Canada,CAN,"Mar 27, 2020",0.9706321553011448
Canada,CAN,"Mar 28, 2020",1.130304969076562
Canada,CAN,"Mar 29, 2020",1.1139992573338284
Canada,CAN,"Mar 30, 2020",0.9752198241406874
Canada,CAN,"Mar 31, 2020",1.198814655172414
Canada,CAN,"Apr 1, 2020",1.1246485473289598
Chile,CHL,"Mar 17, 2020",0
Chile,CHL,"Mar 18, 2020",0
Chile,CHL,"Mar 19, 2020",0
Chile,CHL,"Mar 20, 2020",0
Chile,CHL,"Mar 21, 2020",0
Chile,CHL,"Mar 22, 2020",0
Chile,CHL,"Mar 23, 2020",0.15822784810126583
Chile,CHL,"Mar 24, 2020",0.2680965147453083
Chile,CHL,"Mar 25, 2020",0.21691973969631237
Chile,CHL,"Mar 26, 2020",0.2626970227670753
Chile,CHL,"Mar 27, 2020",0.3062787136294028
Chile,CHL,"Mar 28, 2020",0.3105590062111801
Chile,CHL,"Mar 29, 2020",0.3143006809848088
Chile,CHL,"Mar 30, 2020",0.3272557269752221
Chile,CHL,"Mar 31, 2020",0.32666394446712943
Chile,CHL,"Apr 1, 2020",0.4382761139517896
China,CHN,"Jan 19, 2020",1.3888888888888888
China,CHN,"Jan 20, 2020",1.276595744680851
China,CHN,"Jan 21, 2020",1.5544041450777202
China,CHN,"Jan 22, 2020",3.2319391634980987
China,CHN,"Jan 23, 2020",2.7287319422150884
China,CHN,"Jan 24, 2020",2.947845804988662
China,CHN,"Jan 25, 2020",3.0990173847316704
China,CHN,"Jan 26, 2020",2.8169014084507045
China,CHN,"Jan 27, 2020",2.918918918918919
China,CHN,"Jan 28, 2020",2.340989399293286
China,CHN,"Jan 29, 2020",2.2022022022022023
China,CHN,"Jan 30, 2020",2.1980863718644947
China,CHN,"Jan 31, 2020",2.1927115503397157
China,CHN,"Feb 1, 2020",2.1932424422050976
China,CHN,"Feb 2, 2020",2.1112577262309884
China,CHN,"Feb 3, 2020",2.097495787577712
China,CHN,"Feb 4, 2020",2.083333333333333
China,CHN,"Feb 5, 2020",2.023026315789474
China,CHN,"Feb 6, 2020",2.010910257781581
China,CHN,"Feb 7, 2020",2.0412087031755695
China,CHN,"Feb 8, 2020",2.088086642599278
China,CHN,"Feb 9, 2020",2.180919639020198
China,CHN,"Feb 10, 2020",2.2608565885688705
China,CHN,"Feb 11, 2020",2.381956155143339
China,CHN,"Feb 12, 2020",2.4908326625525445
China,CHN,"Feb 13, 2020",2.2851415685291907
China,CHN,"Feb 14, 2020",2.157104700020306
China,CHN,"Feb 15, 2020",2.289697862047206
China,CHN,"Feb 16, 2020",2.429775690575504
China,CHN,"Feb 17, 2020",2.5078591860432184
China,CHN,"Feb 18, 2020",2.5776466045126054
China,CHN,"Feb 19, 2020",2.7040857550701607
China,CHN,"Feb 20, 2020",2.839843540695494
China,CHN,"Feb 21, 2020",2.962551129820102
China,CHN,"Feb 22, 2020",3.073236522672812
China,CHN,"Feb 23, 2020",3.1746650046743534
China,CHN,"Feb 24, 2020",3.359919206567056
China,CHN,"Feb 25, 2020",3.4276968192516946
China,CHN,"Feb 26, 2020",3.4762471372458705
China,CHN,"Feb 27, 2020",3.493727575765287
China,CHN,"Feb 28, 2020",3.534912007297883
China,CHN,"Feb 29, 2020",3.575074034402369
China,CHN,"Mar 1, 2020",3.5931889551977383
China,CHN,"Mar 2, 2020",3.6364090149000425
China,CHN,"Mar 3, 2020",3.670524912473057
China,CHN,"Mar 4, 2020",3.711122169693954
China,CHN,"Mar 5, 2020",3.7442389157359903
China,CHN,"Mar 6, 2020",3.7735381258755125
China,CHN,"Mar 7, 2020",3.8034865293185423
China,CHN,"Mar 8, 2020",3.834731605909867
China,CHN,"Mar 9, 2020",3.861042060871393
China,CHN,"Mar 10, 2020",3.8811063440448073
China,CHN,"Mar 11, 2020",3.906906609976764
China,CHN,"Mar 12, 2020",3.9193396925814263
China,CHN,"Mar 13, 2020",3.9269214615707684
China,CHN,"Mar 14, 2020",3.944524718115915
China,CHN,"Mar 15, 2020",3.954565096610902
China,CHN,"Mar 16, 2020",3.969390274006418
China,CHN,"Mar 17, 2020",3.9783871803412163
China,CHN,"Mar 18, 2020",3.996990849221814
China,CHN,"Mar 19, 2020",4.004683840749414
China,CHN,"Mar 20, 2020",4.0047273756909485
China,CHN,"Mar 21, 2020",4.009547126634761
China,CHN,"Mar 22, 2020",4.0137191748826
China,CHN,"Mar 23, 2020",4.017966717392372
China,CHN,"Mar 24, 2020",4.0231505891873995
China,CHN,"Mar 25, 2020",4.0242064901814265
China,CHN,"Mar 26, 2020",4.026525393659844
China,CHN,"Mar 27, 2020",4.028010314443888
China,CHN,"Mar 28, 2020",4.0258218827032435
China,CHN,"Mar 29, 2020",4.026371269452468
China,CHN,"Mar 30, 2020",4.024002823861631
China,CHN,"Mar 31, 2020",4.023540569788792
China,CHN,"Apr 1, 2020",4.022115559876056
Colombia,COL,"Mar 19, 2020",0
Colombia,COL,"Mar 20, 2020",0
Colombia,COL,"Mar 21, 2020",0
Colombia,COL,"Mar 22, 2020",0.4761904761904762
Colombia,COL,"Mar 23, 2020",0.851063829787234
Colombia,COL,"Mar 24, 2020",0.9803921568627451
Colombia,COL,"Mar 25, 2020",0.7936507936507936
Colombia,COL,"Mar 26, 2020",0.851063829787234
Colombia,COL,"Mar 27, 2020",1.2219959266802443
Colombia,COL,"Mar 28, 2020",1.1131725417439702
Colombia,COL,"Mar 29, 2020",0.9868421052631579
Colombia,COL,"Mar 30, 2020",1.4245014245014245
Colombia,COL,"Mar 31, 2020",1.7543859649122806
Colombia,COL,"Apr 1, 2020",1.7660044150110374
Costa Rica,CRI,"Mar 21, 2020",1.7699115044247788
Costa Rica,CRI,"Mar 22, 2020",1.7094017094017095
Costa Rica,CRI,"Mar 23, 2020",1.4925373134328357
Costa Rica,CRI,"Mar 24, 2020",1.2658227848101267
Costa Rica,CRI,"Mar 25, 2020",1.1299435028248588
Costa Rica,CRI,"Mar 26, 2020",0.9950248756218906
Costa Rica,CRI,"Mar 27, 2020",0.8658008658008658
Costa Rica,CRI,"Mar 28, 2020",0.7604562737642585
Costa Rica,CRI,"Mar 29, 2020",0.6779661016949152
Costa Rica,CRI,"Mar 30, 2020",0.6369426751592357
Costa Rica,CRI,"Mar 31, 2020",0.6060606060606061
Costa Rica,CRI,"Apr 1, 2020",0.5763688760806917
Cote d'Ivoire,CIV,"Mar 28, 2020",0
Cote d'Ivoire,CIV,"Mar 29, 2020",0
Cote d'Ivoire,CIV,"Mar 30, 2020",0.6060606060606061
Cote d'Ivoire,CIV,"Mar 31, 2020",0.5952380952380952
Cote d'Ivoire,CIV,"Apr 1, 2020",0.5952380952380952
Croatia,HRV,"Mar 20, 2020",0
Croatia,HRV,"Mar 21, 2020",0
Croatia,HRV,"Mar 22, 2020",0
Croatia,HRV,"Mar 23, 2020",0
Croatia,HRV,"Mar 24, 2020",0
Croatia,HRV,"Mar 25, 2020",0.2617801047120419
Croatia,HRV,"Mar 26, 2020",0.23923444976076555
Croatia,HRV,"Mar 27, 2020",0.40404040404040403
Croatia,HRV,"Mar 28, 2020",0.5119453924914675
Croatia,HRV,"Mar 29, 2020",0.76103500761035
Croatia,HRV,"Mar 30, 2020",0.8415147265077139
Croatia,HRV,"Mar 31, 2020",0.7594936708860759
Croatia,HRV,"Apr 1, 2020",0.6920415224913495
Cuba,CUB,"Mar 29, 2020",2.5210084033613445
Cuba,CUB,"Mar 30, 2020",2.158273381294964
Cuba,CUB,"Mar 31, 2020",2.3529411764705883
Cuba,CUB,"Apr 1, 2020",3.225806451612903
Cyprus,CYP,"Mar 24, 2020",0
Cyprus,CYP,"Mar 25, 2020",2.4193548387096775
Cyprus,CYP,"Mar 26, 2020",2.272727272727273
Cyprus,CYP,"Mar 27, 2020",2.054794520547945
Cyprus,CYP,"Mar 28, 2020",3.0864197530864197
Cyprus,CYP,"Mar 29, 2020",2.793296089385475
Cyprus,CYP,"Mar 30, 2020",2.803738317757009
Cyprus,CYP,"Mar 31, 2020",3.0434782608695654
Cyprus,CYP,"Apr 1, 2020",3.0534351145038165
Czech Republic,CZE,"Mar 13, 2020",0
Czech Republic,CZE,"Mar 14, 2020",0
Czech Republic,CZE,"Mar 15, 2020",0
Czech Republic,CZE,"Mar 16, 2020",0
Czech Republic,CZE,"Mar 17, 2020",0
Czech Republic,CZE,"Mar 18, 2020",0
Czech Republic,CZE,"Mar 19, 2020",0
Czech Republic,CZE,"Mar 20, 2020",0
Czech Republic,CZE,"Mar 21, 2020",0
Czech Republic,CZE,"Mar 22, 2020",0
Czech Republic,CZE,"Mar 23, 2020",0.08583690987124463
Czech Republic,CZE,"Mar 24, 2020",0.08090614886731393
Czech Republic,CZE,"Mar 25, 2020",0.2152080344332855
Czech Republic,CZE,"Mar 26, 2020",0.36275695284159615
Czech Republic,CZE,"Mar 27, 2020",0.4364694471387003
Czech Republic,CZE,"Mar 28, 2020",0.39491004826678366
Czech Republic,CZE,"Mar 29, 2020",0.41306796845662785
Czech Republic,CZE,"Mar 30, 2020",0.5655708731000354
Czech Republic,CZE,"Mar 31, 2020",0.7994670219853431
Czech Republic,CZE,"Apr 1, 2020",0.9371221281741233
Denmark,DNK,"Mar 10, 2020",0
Denmark,DNK,"Mar 11, 2020",0
Denmark,DNK,"Mar 12, 2020",0
Denmark,DNK,"Mar 13, 2020",0
Denmark,DNK,"Mar 14, 2020",0
Denmark,DNK,"Mar 15, 2020",0
Denmark,DNK,"Mar 16, 2020",0.1142857142857143
Denmark,DNK,"Mar 17, 2020",0.1072961373390558
Denmark,DNK,"Mar 18, 2020",0.390625
Denmark,DNK,"Mar 19, 2020",0.35874439461883406
Denmark,DNK,"Mar 20, 2020",0.5212858384013901
Denmark,DNK,"Mar 21, 2020",0.7171314741035857
Denmark,DNK,"Mar 22, 2020",0.9803921568627451
Denmark,DNK,"Mar 23, 2020",0.9318996415770611
Denmark,DNK,"Mar 24, 2020",1.643835616438356
Denmark,DNK,"Mar 25, 2020",2.011313639220616
Denmark,DNK,"Mar 26, 2020",1.9721577726218096
Denmark,DNK,"Mar 27, 2020",2.1843367075119873
Denmark,DNK,"Mar 28, 2020",2.541544477028348
Denmark,DNK,"Mar 29, 2020",2.9532030895047705
Denmark,DNK,"Mar 30, 2020",3.0062630480167014
Denmark,DNK,"Mar 31, 2020",2.9879705083430346
Denmark,DNK,"Apr 1, 2020",3.146853146853147
Dominican Republic,DOM,"Mar 22, 2020",2.6785714285714284
Dominican Republic,DOM,"Mar 23, 2020",1.4851485148514851
Dominican Republic,DOM,"Mar 24, 2020",1.2244897959183674
Dominican Republic,DOM,"Mar 25, 2020",1.9230769230769231
Dominican Republic,DOM,"Mar 26, 2020",2.5510204081632653
Dominican Republic,DOM,"Mar 27, 2020",2.0491803278688523
Dominican Republic,DOM,"Mar 28, 2020",3.4423407917383817
Dominican Republic,DOM,"Mar 29, 2020",3.8942976356050067
Dominican Republic,DOM,"Mar 30, 2020",4.540162980209546
Dominican Republic,DOM,"Mar 31, 2020",4.661487236403995
Dominican Republic,DOM,"Apr 1, 2020",4.598737601442742
Ecuador,ECU,"Mar 18, 2020",1.8018018018018018
Ecuador,ECU,"Mar 19, 2020",1.7857142857142856
Ecuador,ECU,"Mar 20, 2020",1.507537688442211
Ecuador,ECU,"Mar 21, 2020",1.643192488262911
Ecuador,ECU,"Mar 22, 2020",1.3157894736842104
Ecuador,ECU,"Mar 23, 2020",1.7743979721166032
Ecuador,ECU,"Mar 24, 2020",1.834862385321101
Ecuador,ECU,"Mar 25, 2020",2.4953789279112755
Ecuador,ECU,"Mar 26, 2020",2.3947151114781176
Ecuador,ECU,"Mar 27, 2020",2.4233784746970777
Ecuador,ECU,"Mar 28, 2020",2.519975414874001
Ecuador,ECU,"Mar 29, 2020",2.6158038147138964
Ecuador,ECU,"Mar 30, 2020",3.068783068783069
Ecuador,ECU,"Mar 31, 2020",3.1536113936927768
Ecuador,ECU,"Apr 1, 2020",3.431798436142485
Egypt,EGY,"Mar 16, 2020",1.8181818181818181
Egypt,EGY,"Mar 17, 2020",1.5873015873015872
Egypt,EGY,"Mar 18, 2020",2.4096385542168677
Egypt,EGY,"Mar 19, 2020",3.061224489795918
Egypt,EGY,"Mar 20, 2020",2.857142857142857
Egypt,EGY,"Mar 21, 2020",2.734375
Egypt,EGY,"Mar 22, 2020",2.807017543859649
Egypt,EGY,"Mar 23, 2020",3.4013605442176873
Egypt,EGY,"Mar 24, 2020",4.281345565749235
Egypt,EGY,"Mar 25, 2020",5.191256830601093
Egypt,EGY,"Mar 26, 2020",4.751131221719457
Egypt,EGY,"Mar 27, 2020",4.605263157894736
Egypt,EGY,"Mar 28, 2020",4.848484848484849
Egypt,EGY,"Mar 29, 2020",5.597014925373134
Egypt,EGY,"Mar 30, 2020",6.25
Egypt,EGY,"Mar 31, 2020",6.568144499178982
Egypt,EGY,"Apr 1, 2020",6.25
Estonia,EST,"Mar 15, 2020",0
Estonia,EST,"Mar 16, 2020",0
Estonia,EST,"Mar 17, 2020",0
Estonia,EST,"Mar 18, 2020",0
Estonia,EST,"Mar 19, 2020",0
Estonia,EST,"Mar 20, 2020",0
Estonia,EST,"Mar 21, 2020",0
Estonia,EST,"Mar 22, 2020",0
Estonia,EST,"Mar 23, 2020",0
Estonia,EST,"Mar 24, 2020",0
Estonia,EST,"Mar 25, 2020",0
Estonia,EST,"Mar 26, 2020",0.24752475247524752
Estonia,EST,"Mar 27, 2020",0.18587360594795538
Estonia,EST,"Mar 28, 2020",0.17391304347826086
Estonia,EST,"Mar 29, 2020",0.15625
Estonia,EST,"Mar 30, 2020",0.4418262150220913
Estonia,EST,"Mar 31, 2020",0.4195804195804196
Estonia,EST,"Apr 1, 2020",0.5369127516778524
Faeroe Islands,FRO,"Mar 23, 2020",0
Faeroe Islands,FRO,"Mar 24, 2020",0
Faeroe Islands,FRO,"Mar 25, 2020",0
Faeroe Islands,FRO,"Mar 26, 2020",0
Faeroe Islands,FRO,"Mar 27, 2020",0
Faeroe Islands,FRO,"Mar 28, 2020",0
Faeroe Islands,FRO,"Mar 29, 2020",0
Faeroe Islands,FRO,"Mar 30, 2020",0
Faeroe Islands,FRO,"Mar 31, 2020",0
Faeroe Islands,FRO,"Apr 1, 2020",0
Finland,FIN,"Mar 13, 2020",0
Finland,FIN,"Mar 15, 2020",0
Finland,FIN,"Mar 16, 2020",0
Finland,FIN,"Mar 17, 2020",0
Finland,FIN,"Mar 18, 2020",0
Finland,FIN,"Mar 19, 2020",0
Finland,FIN,"Mar 20, 2020",0
Finland,FIN,"Mar 21, 2020",0
Finland,FIN,"Mar 22, 2020",0.19193857965451055
Finland,FIN,"Mar 23, 2020",0.1597444089456869
Finland,FIN,"Mar 24, 2020",0.14285714285714285
Finland,FIN,"Mar 25, 2020",0.12626262626262627
Finland,FIN,"Mar 26, 2020",0.3409090909090909
Finland,FIN,"Mar 27, 2020",0.41753653444676403
Finland,FIN,"Mar 28, 2020",0.6829268292682927
Finland,FIN,"Mar 29, 2020",0.7389162561576355
Finland,FIN,"Mar 30, 2020",0.9031198686371099
Finland,FIN,"Mar 31, 2020",0.9900990099009901
Finland,FIN,"Apr 1, 2020",1.2283236994219653
France,FRA,"Mar 1, 2020",2
France,FRA,"Mar 2, 2020",1.5384615384615385
France,FRA,"Mar 3, 2020",1.6853932584269662
France,FRA,"Mar 4, 2020",1.8867924528301887
France,FRA,"Mar 5, 2020",1.4035087719298245
France,FRA,"Mar 6, 2020",1.6548463356973995
France,FRA,"Mar 7, 2020",1.468189233278956
France,FRA,"Mar 8, 2020",1.3966480446927374
France,FRA,"Mar 9, 2020",1.6873889875666075
France,FRA,"Mar 10, 2020",2.1246458923512748
France,FRA,"Mar 11, 2020",1.8497757847533634
France,FRA,"Mar 12, 2020",2.104340201665936
France,FRA,"Mar 13, 2020",2.121001390820584
France,FRA,"Mar 14, 2020",2.157880360557225
France,FRA,"Mar 15, 2020",2.022671704823294
France,FRA,"Mar 16, 2020",2.3418771897473722
France,FRA,"Mar 17, 2020",2.231267902909694
France,FRA,"Mar 18, 2020",2.263906856403622
France,FRA,"Mar 19, 2020",2.6713378585504706
France,FRA,"Mar 20, 2020",3.383356070941337
France,FRA,"Mar 21, 2020",3.56803044719315
France,FRA,"Mar 22, 2020",3.8868524794245793
France,FRA,"Mar 23, 2020",4.207766262954177
France,FRA,"Mar 24, 2020",4.331184528605963
France,FRA,"Mar 25, 2020",4.932293067886288
France,FRA,"Mar 26, 2020",5.274838505132169
France,FRA,"Mar 27, 2020",5.817184016463728
France,FRA,"Mar 28, 2020",6.052056789224609
France,FRA,"Mar 29, 2020",6.1583499667332005
France,FRA,"Mar 30, 2020",6.4867824961417835
France,FRA,"Mar 31, 2020",6.787878787878789
France,FRA,"Apr 1, 2020",6.758364027010436
Georgia,GEO,"Apr 1, 2020",0
Germany,DEU,"Mar 1, 2020",0
Germany,DEU,"Mar 2, 2020",0
Germany,DEU,"Mar 3, 2020",0
Germany,DEU,"Mar 4, 2020",0
Germany,DEU,"Mar 5, 2020",0
Germany,DEU,"Mar 6, 2020",0
Germany,DEU,"Mar 7, 2020",0
Germany,DEU,"Mar 8, 2020",0
Germany,DEU,"Mar 9, 2020",0
Germany,DEU,"Mar 10, 2020",0.17559262510974538
Germany,DEU,"Mar 11, 2020",0.15432098765432098
Germany,DEU,"Mar 12, 2020",0.1914486279514997
Germany,DEU,"Mar 13, 2020",0.21105951878429718
Germany,DEU,"Mar 14, 2020",0.16329196603527107
Germany,DEU,"Mar 15, 2020",0.21080368906455862
Germany,DEU,"Mar 16, 2020",0.24803637866887143
Germany,DEU,"Mar 17, 2020",0.2162341982701264
Germany,DEU,"Mar 18, 2020",0.1816657350475126
Germany,DEU,"Mar 19, 2020",0.15857526225908758
Germany,DEU,"Mar 20, 2020",0.3041448578299618
Germany,DEU,"Mar 21, 2020",0.2474294825974597
Germany,DEU,"Mar 22, 2020",0.31216512137166286
Germany,DEU,"Mar 23, 2020",0.3794300476305804
Germany,DEU,"Mar 24, 2020",0.431329590579214
Germany,DEU,"Mar 25, 2020",0.47220637637066615
Germany,DEU,"Mar 26, 2020",0.5423468828749863
Germany,DEU,"Mar 27, 2020",0.5982784714339766
Germany,DEU,"Mar 28, 2020",0.6689720472603021
Germany,DEU,"Mar 29, 2020",0.7402896454602547
Germany,DEU,"Mar 30, 2020",0.794094034695801
Germany,DEU,"Mar 31, 2020",0.9416439196937638
Germany,DEU,"Apr 1, 2020",1.086601549743194
Ghana,GHA,"Mar 27, 2020",2.272727272727273
Ghana,GHA,"Mar 28, 2020",2.18978102189781
Ghana,GHA,"Mar 29, 2020",3.546099290780142
Ghana,GHA,"Mar 30, 2020",3.289473684210526
Ghana,GHA,"Mar 31, 2020",3.289473684210526
Ghana,GHA,"Apr 1, 2020",3.289473684210526
Greece,GRC,"Mar 13, 2020",0.7518796992481203
Greece,GRC,"Mar 14, 2020",0.5263157894736842
Greece,GRC,"Mar 15, 2020",1.3157894736842104
Greece,GRC,"Mar 16, 2020",1.2084592145015105
Greece,GRC,"Mar 17, 2020",1.1363636363636365
Greece,GRC,"Mar 18, 2020",1.2919896640826873
Greece,GRC,"Mar 19, 2020",1.1961722488038278
Greece,GRC,"Mar 20, 2020",1.0775862068965518
Greece,GRC,"Mar 21, 2020",1.6161616161616161
Greece,GRC,"Mar 22, 2020",2.4528301886792456
Greece,GRC,"Mar 23, 2020",2.403846153846154
Greece,GRC,"Mar 24, 2020",2.446043165467626
Greece,GRC,"Mar 25, 2020",2.6917900403768504
Greece,GRC,"Mar 26, 2020",2.679658952496955
Greece,GRC,"Mar 27, 2020",2.914798206278027
Greece,GRC,"Mar 28, 2020",2.898550724637681
Greece,GRC,"Mar 29, 2020",3.016022620169651
Greece,GRC,"Mar 30, 2020",3.2871972318339098
Greece,GRC,"Mar 31, 2020",3.5478547854785476
Greece,GRC,"Apr 1, 2020",3.7290715372907153
Honduras,HND,"Mar 29, 2020",1.8181818181818181
Honduras,HND,"Mar 30, 2020",2.158273381294964
Honduras,HND,"Mar 31, 2020",4.964539007092199
Honduras,HND,"Apr 1, 2020",5.813953488372093
Hungary,HUN,"Mar 21, 2020",3.8834951456310676
Hungary,HUN,"Mar 22, 2020",3.0534351145038165
Hungary,HUN,"Mar 23, 2020",4.191616766467066
Hungary,HUN,"Mar 24, 2020",4.27807486631016
Hungary,HUN,"Mar 25, 2020",4.424778761061947
Hungary,HUN,"Mar 26, 2020",3.8314176245210727
Hungary,HUN,"Mar 27, 2020",3.3333333333333335
Hungary,HUN,"Mar 28, 2020",3.206997084548105
Hungary,HUN,"Mar 29, 2020",3.1862745098039214
Hungary,HUN,"Mar 30, 2020",3.3557046979865772
Hungary,HUN,"Mar 31, 2020",3.3557046979865772
Hungary,HUN,"Apr 1, 2020",3.2520325203252036
Iceland,ISL,"Mar 13, 2020",0
Iceland,ISL,"Mar 14, 2020",0
Iceland,ISL,"Mar 15, 2020",0
Iceland,ISL,"Mar 16, 2020",0
Iceland,ISL,"Mar 17, 2020",0
Iceland,ISL,"Mar 18, 2020",0
Iceland,ISL,"Mar 19, 2020",0
Iceland,ISL,"Mar 20, 2020",0.30303030303030304
Iceland,ISL,"Mar 21, 2020",0.24449877750611246
Iceland,ISL,"Mar 22, 2020",0.21141649048625794
Iceland,ISL,"Mar 23, 2020",0.17605633802816903
Iceland,ISL,"Mar 24, 2020",0.3401360544217687
Iceland,ISL,"Mar 25, 2020",0.30864197530864196
Iceland,ISL,"Mar 26, 2020",0.27137042062415195
Iceland,ISL,"Mar 27, 2020",0.24937655860349126
Iceland,ISL,"Mar 28, 2020",0.22471910112359553
Iceland,ISL,"Mar 29, 2020",0.20768431983385255
Iceland,ISL,"Mar 30, 2020",0.19607843137254902
Iceland,ISL,"Mar 31, 2020",0.1841620626151013
Iceland,ISL,"Apr 1, 2020",0.1762114537444934
India,IND,"Mar 17, 2020",2.4
India,IND,"Mar 18, 2020",2.18978102189781
India,IND,"Mar 19, 2020",1.8181818181818181
India,IND,"Mar 20, 2020",2.094240837696335
India,IND,"Mar 21, 2020",1.7316017316017316
India,IND,"Mar 22, 2020",1.25
India,IND,"Mar 23, 2020",1.5945330296127564
India,IND,"Mar 24, 2020",1.8292682926829267
India,IND,"Mar 25, 2020",1.601423487544484
India,IND,"Mar 26, 2020",2.0030816640986133
India,IND,"Mar 27, 2020",2.3480662983425415
India,IND,"Mar 28, 2020",2.176403207331042
India,IND,"Mar 29, 2020",2.5536261491317673
India,IND,"Mar 30, 2020",2.707749766573296
India,IND,"Mar 31, 2020",2.5579536370903275
India,IND,"Apr 1, 2020",2.505368647100931
Indonesia,IDN,"Mar 16, 2020",4.273504273504273
Indonesia,IDN,"Mar 17, 2020",3.731343283582089
Indonesia,IDN,"Mar 18, 2020",2.9069767441860463
Indonesia,IDN,"Mar 19, 2020",2.9069767441860463
Indonesia,IDN,"Mar 20, 2020",8.370044052863436
Indonesia,IDN,"Mar 21, 2020",8.090614886731391
Indonesia,IDN,"Mar 22, 2020",8.444444444444445
Indonesia,IDN,"Mar 23, 2020",9.33852140077821
Indonesia,IDN,"Mar 24, 2020",8.46286701208981
Indonesia,IDN,"Mar 25, 2020",8.017492711370263
Indonesia,IDN,"Mar 26, 2020",7.341772151898734
Indonesia,IDN,"Mar 27, 2020",8.734602463605823
Indonesia,IDN,"Mar 28, 2020",8.317399617590821
Indonesia,IDN,"Mar 29, 2020",8.831168831168831
Indonesia,IDN,"Mar 30, 2020",8.8715953307393
Indonesia,IDN,"Mar 31, 2020",8.628005657708627
Indonesia,IDN,"Apr 1, 2020",8.900523560209423
International,,"Feb 11, 2020",0
International,,"Feb 12, 2020",0
International,,"Feb 13, 2020",0
International,,"Feb 14, 2020",0
International,,"Feb 15, 2020",0
International,,"Feb 16, 2020",0
International,,"Feb 17, 2020",0
International,,"Feb 18, 2020",0
International,,"Feb 19, 2020",0
International,,"Feb 20, 2020",0.322061191626409
International,,"Feb 21, 2020",0.31545741324921134
International,,"Feb 22, 2020",0.31545741324921134
International,,"Feb 23, 2020",0.31545741324921134
International,,"Feb 24, 2020",0.43415340086830684
International,,"Feb 25, 2020",0.43415340086830684
International,,"Feb 26, 2020",0.5788712011577424
International,,"Feb 27, 2020",0.5673758865248227
International,,"Feb 28, 2020",0.5673758865248227
International,,"Feb 29, 2020",0.851063829787234
International,,"Mar 1, 2020",0.851063829787234
International,,"Mar 2, 2020",0.851063829787234
International,,"Mar 10, 2020",1.0057471264367817
Iran,IRN,"Feb 27, 2020",13.66906474820144
Iran,IRN,"Feb 28, 2020",10.612244897959183
Iran,IRN,"Feb 29, 2020",8.762886597938143
Iran,IRN,"Mar 1, 2020",7.251264755480608
Iran,IRN,"Mar 2, 2020",5.521472392638037
Iran,IRN,"Mar 3, 2020",4.397068620919387
Iran,IRN,"Mar 4, 2020",3.296232876712329
Iran,IRN,"Mar 5, 2020",3.1485284052019162
Iran,IRN,"Mar 6, 2020",3.0458297751209793
Iran,IRN,"Mar 7, 2020",2.6121761112281443
Iran,IRN,"Mar 8, 2020",2.4901253649321657
Iran,IRN,"Mar 9, 2020",2.954614681693573
Iran,IRN,"Mar 10, 2020",3.309593632174277
Iran,IRN,"Mar 11, 2020",3.618502859985078
Iran,IRN,"Mar 12, 2020",3.933333333333333
Iran,IRN,"Mar 13, 2020",4.258064516129032
Iran,IRN,"Mar 14, 2020",4.523055262231609
Iran,IRN,"Mar 15, 2020",4.800062848613402
Iran,IRN,"Mar 16, 2020",5.194432486726933
Iran,IRN,"Mar 17, 2020",5.690080715095725
Iran,IRN,"Mar 18, 2020",6.110458284371328
Iran,IRN,"Mar 19, 2020",6.537641840907781
Iran,IRN,"Mar 20, 2020",6.975607105992286
Iran,IRN,"Mar 21, 2020",7.294848299735287
Iran,IRN,"Mar 22, 2020",7.54973313925279
Iran,IRN,"Mar 23, 2020",7.78722617617155
Iran,IRN,"Mar 24, 2020",7.8615124300403485
Iran,IRN,"Mar 25, 2020",7.79492966829229
Iran,IRN,"Mar 26, 2020",7.6877521560498945
Iran,IRN,"Mar 27, 2020",7.597089029449772
Iran,IRN,"Mar 28, 2020",7.35494247185451
Iran,IRN,"Mar 29, 2020",7.108563036601898
Iran,IRN,"Mar 30, 2020",6.891331018820643
Iran,IRN,"Mar 31, 2020",6.644173996867092
Iran,IRN,"Apr 1, 2020",6.496883827287808
Iraq,IRQ,"Mar 16, 2020",7.258064516129033
Iraq,IRQ,"Mar 17, 2020",7.258064516129033
Iraq,IRQ,"Mar 18, 2020",7.142857142857142
Iraq,IRQ,"Mar 19, 2020",7.317073170731707
Iraq,IRQ,"Mar 20, 2020",6.779661016949152
Iraq,IRQ,"Mar 21, 2020",7.253886010362693
Iraq,IRQ,"Mar 22, 2020",7.943925233644859
Iraq,IRQ,"Mar 23, 2020",8.583690987124463
Iraq,IRQ,"Mar 24, 2020",8.646616541353383
Iraq,IRQ,"Mar 25, 2020",8.544303797468354
Iraq,IRQ,"Mar 26, 2020",8.38150289017341
Iraq,IRQ,"Mar 27, 2020",9.424083769633508
Iraq,IRQ,"Mar 28, 2020",8.73362445414847
Iraq,IRQ,"Mar 29, 2020",8.300395256916996
Iraq,IRQ,"Mar 30, 2020",7.678244972577697
Iraq,IRQ,"Mar 31, 2020",7.301587301587302
Iraq,IRQ,"Apr 1, 2020",7.204610951008646
Ireland,IRL,"Mar 15, 2020",1.550387596899225
Ireland,IRL,"Mar 16, 2020",1.183431952662722
Ireland,IRL,"Mar 17, 2020",0.8968609865470852
Ireland,IRL,"Mar 18, 2020",0.684931506849315
Ireland,IRL,"Mar 19, 2020",0.546448087431694
Ireland,IRL,"Mar 20, 2020",0.5385996409335727
Ireland,IRL,"Mar 21, 2020",0.43923865300146414
Ireland,IRL,"Mar 22, 2020",0.3821656050955414
Ireland,IRL,"Mar 23, 2020",0.44150110375275936
Ireland,IRL,"Mar 24, 2020",0.5333333333333333
Ireland,IRL,"Mar 25, 2020",0.5267118133935289
Ireland,IRL,"Mar 26, 2020",0.5754475703324808
Ireland,IRL,"Mar 27, 2020",1.0445299615173174
Ireland,IRL,"Mar 28, 2020",1.0372465818010372
Ireland,IRL,"Mar 29, 2020",1.4906832298136645
Ireland,IRL,"Mar 30, 2020",1.7590822179732315
Ireland,IRL,"Mar 31, 2020",1.8556701030927836
Ireland,IRL,"Apr 1, 2020",2.1947449768160743
Israel,ISR,"Mar 14, 2020",0
Israel,ISR,"Mar 15, 2020",0
Israel,ISR,"Mar 16, 2020",0
Israel,ISR,"Mar 17, 2020",0
Israel,ISR,"Mar 18, 2020",0
Israel,ISR,"Mar 19, 2020",0
Israel,ISR,"Mar 20, 2020",0
Israel,ISR,"Mar 21, 2020",0.1404494382022472
Israel,ISR,"Mar 22, 2020",0.11325028312570783
Israel,ISR,"Mar 23, 2020",0.09337068160597572
Israel,ISR,"Mar 24, 2020",0.06934812760055478
Israel,ISR,"Mar 25, 2020",0.15544041450777202
Israel,ISR,"Mar 26, 2020",0.21105951878429718
Israel,ISR,"Mar 27, 2020",0.30007501875468867
Israel,ISR,"Mar 28, 2020",0.3294892915980231
Israel,ISR,"Mar 29, 2020",0.33158331030671456
Israel,ISR,"Mar 30, 2020",0.3531904874028726
Israel,ISR,"Mar 31, 2020",0.3800581265369998
Israel,ISR,"Apr 1, 2020",0.40683482506102525
Italy,ITA,"Feb 24, 2020",1.5151515151515151
Italy,ITA,"Feb 25, 2020",2.6200873362445414
Italy,ITA,"Feb 26, 2020",3.4161490683229814
Italy,ITA,"Feb 27, 2020",3
Italy,ITA,"Feb 28, 2020",2.6153846153846154
Italy,ITA,"Feb 29, 2020",2.364864864864865
Italy,ITA,"Mar 1, 2020",2.5709219858156027
Italy,ITA,"Mar 2, 2020",2.0722320899940794
Italy,ITA,"Mar 3, 2020",2.833787465940054
Italy,ITA,"Mar 4, 2020",3.1974420463629096
Italy,ITA,"Mar 5, 2020",3.463904176108773
Italy,ITA,"Mar 6, 2020",3.8361845515811304
Italy,ITA,"Mar 7, 2020",4.249352890422778
Italy,ITA,"Mar 8, 2020",3.960564337922828
Italy,ITA,"Mar 9, 2020",4.96271186440678
Italy,ITA,"Mar 10, 2020",5.058874836458788
Italy,ITA,"Mar 11, 2020",6.21736131638585
Italy,ITA,"Mar 12, 2020",6.636173968865351
Italy,ITA,"Mar 13, 2020",6.722689075630252
Italy,ITA,"Mar 14, 2020",7.180067950169875
Italy,ITA,"Mar 15, 2020",8.118309859154929
Italy,ITA,"Mar 16, 2020",7.552126772310258
Italy,ITA,"Mar 17, 2020",7.71265189421015
Italy,ITA,"Mar 18, 2020",7.950866501618739
Italy,ITA,"Mar 19, 2020",8.338700193206956
Italy,ITA,"Mar 20, 2020",8.302668453758987
Italy,ITA,"Mar 21, 2020",8.574892069500862
Italy,ITA,"Mar 22, 2020",9.009294859830527
Italy,ITA,"Mar 23, 2020",9.259697656329264
Italy,ITA,"Mar 24, 2020",9.506155458569932
Italy,ITA,"Mar 25, 2020",9.858910604834046
Italy,ITA,"Mar 26, 2020",10.089264108837684
Italy,ITA,"Mar 27, 2020",10.13794559157675
Italy,ITA,"Mar 28, 2020",10.562093921246735
Italy,ITA,"Mar 29, 2020",10.838956657150273
Italy,ITA,"Mar 30, 2020",11.036042952635404
Italy,ITA,"Mar 31, 2020",11.392877854116907
Italy,ITA,"Apr 1, 2020",11.749470659407137
Japan,JPN,"Feb 22, 2020",0.9523809523809524
Japan,JPN,"Feb 23, 2020",0.7575757575757576
Japan,JPN,"Feb 24, 2020",0.6944444444444444
Japan,JPN,"Feb 25, 2020",0.6944444444444444
Japan,JPN,"Feb 26, 2020",0.6097560975609756
Japan,JPN,"Feb 27, 2020",1.6129032258064515
Japan,JPN,"Feb 28, 2020",1.4285714285714286
Japan,JPN,"Feb 29, 2020",1.3043478260869565
Japan,JPN,"Mar 1, 2020",2.092050209205021
Japan,JPN,"Mar 2, 2020",2.3622047244094486
Japan,JPN,"Mar 3, 2020",2.3622047244094486
Japan,JPN,"Mar 4, 2020",2.2388059701492535
Japan,JPN,"Mar 5, 2020",1.8927444794952681
Japan,JPN,"Mar 6, 2020",1.7191977077363898
Japan,JPN,"Mar 7, 2020",1.4705882352941175
Japan,JPN,"Mar 8, 2020",1.3186813186813187
Japan,JPN,"Mar 9, 2020",1.4344262295081966
Japan,JPN,"Mar 10, 2020",1.7509727626459144
Japan,JPN,"Mar 11, 2020",2.112676056338028
Japan,JPN,"Mar 12, 2020",2.4232633279483036
Japan,JPN,"Mar 13, 2020",2.814814814814815
Japan,JPN,"Mar 14, 2020",2.8493894165535956
Japan,JPN,"Mar 15, 2020",2.8205128205128207
Japan,JPN,"Mar 16, 2020",2.9484029484029484
Japan,JPN,"Mar 17, 2020",3.3980582524271843
Japan,JPN,"Mar 18, 2020",3.3775633293124248
Japan,JPN,"Mar 19, 2020",3.3218785796105386
Japan,JPN,"Mar 20, 2020",3.4736842105263155
Japan,JPN,"Mar 21, 2020",3.475670307845084
Japan,JPN,"Mar 22, 2020",3.4416826003824093
Japan,JPN,"Mar 23, 2020",3.7649219467401287
Japan,JPN,"Mar 24, 2020",3.723404255319149
Japan,JPN,"Mar 25, 2020",3.604358759430008
Japan,JPN,"Mar 26, 2020",3.548895899053628
Japan,JPN,"Mar 27, 2020",3.3724340175953076
Japan,JPN,"Mar 28, 2020",3.268845897264843
Japan,JPN,"Mar 29, 2020",3.0714707619610158
Japan,JPN,"Mar 30, 2020",2.8938906752411575
Japan,JPN,"Mar 31, 2020",2.867383512544803
Japan,JPN,"Apr 1, 2020",2.867383512544803
Jordan,JOR,"Mar 24, 2020",0
Jordan,JOR,"Mar 25, 2020",0
Jordan,JOR,"Mar 26, 2020",0
Jordan,JOR,"Mar 27, 2020",0
Jordan,JOR,"Mar 28, 2020",0
Jordan,JOR,"Mar 29, 2020",0.425531914893617
Jordan,JOR,"Mar 30, 2020",0.3861003861003861
Jordan,JOR,"Mar 31, 2020",1.8656716417910446
Jordan,JOR,"Apr 1, 2020",1.824817518248175
Kazakhstan,KAZ,"Mar 27, 2020",0
Kazakhstan,KAZ,"Mar 28, 2020",0
Kazakhstan,KAZ,"Mar 29, 2020",0
Kazakhstan,KAZ,"Mar 30, 2020",0.35211267605633806
Kazakhstan,KAZ,"Mar 31, 2020",0.3076923076923077
Kazakhstan,KAZ,"Apr 1, 2020",0.29411764705882354
Kosovo,OWID_KOS,"Mar 31, 2020",0.9433962264150944
Kosovo,OWID_KOS,"Apr 1, 2020",0.8928571428571428
Kuwait,KWT,"Mar 14, 2020",0
Kuwait,KWT,"Mar 15, 2020",0
Kuwait,KWT,"Mar 16, 2020",0
Kuwait,KWT,"Mar 17, 2020",0
Kuwait,KWT,"Mar 18, 2020",0
Kuwait,KWT,"Mar 19, 2020",0
Kuwait,KWT,"Mar 20, 2020",0
Kuwait,KWT,"Mar 21, 2020",0
Kuwait,KWT,"Mar 22, 2020",0
Kuwait,KWT,"Mar 23, 2020",0
Kuwait,KWT,"Mar 24, 2020",0
Kuwait,KWT,"Mar 25, 2020",0
Kuwait,KWT,"Mar 26, 2020",0
Kuwait,KWT,"Mar 27, 2020",0
Kuwait,KWT,"Mar 28, 2020",0
Kuwait,KWT,"Mar 29, 2020",0
Kuwait,KWT,"Mar 30, 2020",0
Kuwait,KWT,"Mar 31, 2020",0
Kuwait,KWT,"Apr 1, 2020",0
Kyrgyzstan,KGZ,"Apr 1, 2020",0
Latvia,LVA,"Mar 21, 2020",0
Latvia,LVA,"Mar 22, 2020",0
Latvia,LVA,"Mar 23, 2020",0
Latvia,LVA,"Mar 24, 2020",0
Latvia,LVA,"Mar 25, 2020",0
Latvia,LVA,"Mar 26, 2020",0
Latvia,LVA,"Mar 27, 2020",0
Latvia,LVA,"Mar 28, 2020",0
Latvia,LVA,"Mar 29, 2020",0
Latvia,LVA,"Mar 30, 2020",0
Latvia,LVA,"Mar 31, 2020",0
Latvia,LVA,"Apr 1, 2020",0
Lebanon,LBN,"Mar 17, 2020",2.5
Lebanon,LBN,"Mar 18, 2020",2.5
Lebanon,LBN,"Mar 19, 2020",3.007518796992481
Lebanon,LBN,"Mar 20, 2020",2.684563758389262
Lebanon,LBN,"Mar 21, 2020",2.4539877300613497
Lebanon,LBN,"Mar 22, 2020",1.7391304347826086
Lebanon,LBN,"Mar 23, 2020",1.6129032258064515
Lebanon,LBN,"Mar 24, 2020",1.4981273408239701
Lebanon,LBN,"Mar 25, 2020",1.3157894736842104
Lebanon,LBN,"Mar 26, 2020",1.2012012012012012
Lebanon,LBN,"Mar 27, 2020",1.6304347826086956
Lebanon,LBN,"Mar 28, 2020",1.7902813299232736
Lebanon,LBN,"Mar 29, 2020",1.9417475728155338
Lebanon,LBN,"Mar 30, 2020",2.28310502283105
Lebanon,LBN,"Mar 31, 2020",2.4663677130044843
Lebanon,LBN,"Apr 1, 2020",2.591792656587473
Lithuania,LTU,"Mar 22, 2020",0.9523809523809524
Lithuania,LTU,"Mar 23, 2020",0.6993006993006993
Lithuania,LTU,"Mar 24, 2020",0.5586592178770949
Lithuania,LTU,"Mar 25, 2020",0.9569377990430622
Lithuania,LTU,"Mar 26, 2020",1.4598540145985401
Lithuania,LTU,"Mar 27, 2020",1.3377926421404682
Lithuania,LTU,"Mar 28, 2020",1.3966480446927374
Lithuania,LTU,"Mar 29, 2020",1.7766497461928936
Lithuania,LTU,"Mar 30, 2020",1.4462809917355373
Lithuania,LTU,"Mar 31, 2020",1.4462809917355373
Lithuania,LTU,"Apr 1, 2020",1.3133208255159476
Luxembourg,LUX,"Mar 18, 2020",0.7142857142857143
Luxembourg,LUX,"Mar 19, 2020",0.9523809523809524
Luxembourg,LUX,"Mar 20, 2020",1.1594202898550725
Luxembourg,LUX,"Mar 21, 2020",1.0330578512396695
Luxembourg,LUX,"Mar 22, 2020",1.1940298507462688
Luxembourg,LUX,"Mar 23, 2020",1.0025062656641603
Luxembourg,LUX,"Mar 24, 2020",0.9142857142857144
Luxembourg,LUX,"Mar 25, 2020",0.7279344858962694
Luxembourg,LUX,"Mar 26, 2020",0.6001500375093773
Luxembourg,LUX,"Mar 27, 2020",0.6194081211286993
Luxembourg,LUX,"Mar 28, 2020",0.9345794392523363
Luxembourg,LUX,"Mar 29, 2020",0.9830693610049154
Luxembourg,LUX,"Mar 30, 2020",1.0769230769230769
Luxembourg,LUX,"Mar 31, 2020",1.1066398390342052
Luxembourg,LUX,"Apr 1, 2020",1.0560146923783287
Macedonia,MKD,"Mar 23, 2020",0.8771929824561403
Macedonia,MKD,"Mar 24, 2020",1.4705882352941175
Macedonia,MKD,"Mar 25, 2020",1.3513513513513513
Macedonia,MKD,"Mar 26, 2020",1.1299435028248588
Macedonia,MKD,"Mar 27, 2020",1.4925373134328357
Macedonia,MKD,"Mar 28, 2020",1.36986301369863
Macedonia,MKD,"Mar 29, 2020",1.6597510373443984
Macedonia,MKD,"Mar 30, 2020",2.3166023166023164
Macedonia,MKD,"Mar 31, 2020",2.456140350877193
Macedonia,MKD,"Apr 1, 2020",2.735562310030395
Malaysia,MYS,"Mar 10, 2020",0
Malaysia,MYS,"Mar 11, 2020",0
Malaysia,MYS,"Mar 12, 2020",0
Malaysia,MYS,"Mar 13, 2020",0
Malaysia,MYS,"Mar 14, 2020",0
Malaysia,MYS,"Mar 15, 2020",0
Malaysia,MYS,"Mar 16, 2020",0
Malaysia,MYS,"Mar 17, 2020",0
Malaysia,MYS,"Mar 18, 2020",0.2971768202080238
Malaysia,MYS,"Mar 19, 2020",0.25316455696202533
Malaysia,MYS,"Mar 20, 2020",0.2222222222222222
Malaysia,MYS,"Mar 21, 2020",0.1941747572815534
Malaysia,MYS,"Mar 22, 2020",0.33812341504649196
Malaysia,MYS,"Mar 23, 2020",0.7656967840735069
Malaysia,MYS,"Mar 24, 2020",0.922266139657444
Malaysia,MYS,"Mar 25, 2020",0.9236453201970444
Malaysia,MYS,"Mar 26, 2020",1.0579064587973273
Malaysia,MYS,"Mar 27, 2020",1.1324470704086658
Malaysia,MYS,"Mar 28, 2020",1.203146691346599
Malaysia,MYS,"Mar 29, 2020",1.163793103448276
Malaysia,MYS,"Mar 30, 2020",1.376518218623482
Malaysia,MYS,"Mar 31, 2020",1.408987052551409
Malaysia,MYS,"Apr 1, 2020",1.408987052551409
Malta,MLT,"Mar 24, 2020",0
Malta,MLT,"Mar 25, 2020",0
Malta,MLT,"Mar 26, 2020",0
Malta,MLT,"Mar 27, 2020",0
Malta,MLT,"Mar 28, 2020",0
Malta,MLT,"Mar 29, 2020",0
Malta,MLT,"Mar 30, 2020",0
Malta,MLT,"Mar 31, 2020",0
Malta,MLT,"Apr 1, 2020",0
Mauritius,MUS,"Mar 29, 2020",1.9607843137254901
Mauritius,MUS,"Mar 30, 2020",2.727272727272727
Mauritius,MUS,"Mar 31, 2020",2.34375
Mauritius,MUS,"Apr 1, 2020",2.097902097902098
Mexico,MEX,"Mar 19, 2020",0
Mexico,MEX,"Mar 20, 2020",0
Mexico,MEX,"Mar 21, 2020",0.9852216748768473
Mexico,MEX,"Mar 22, 2020",0.796812749003984
Mexico,MEX,"Mar 23, 2020",0.6329113924050633
Mexico,MEX,"Mar 24, 2020",1.08991825613079
Mexico,MEX,"Mar 25, 2020",1.2345679012345678
Mexico,MEX,"Mar 26, 2020",1.0526315789473684
Mexico,MEX,"Mar 27, 2020",1.3675213675213675
Mexico,MEX,"Mar 28, 2020",1.6736401673640167
Mexico,MEX,"Mar 29, 2020",1.8867924528301887
Mexico,MEX,"Mar 30, 2020",2.014098690835851
Mexico,MEX,"Mar 31, 2020",2.5594149908592323
Mexico,MEX,"Apr 1, 2020",2.386831275720165
Moldova,MDA,"Mar 24, 2020",0.9174311926605505
Moldova,MDA,"Mar 25, 2020",0.8
Moldova,MDA,"Mar 26, 2020",0.6711409395973155
Moldova,MDA,"Mar 27, 2020",0.5649717514124294
Moldova,MDA,"Mar 28, 2020",1.0050251256281406
Moldova,MDA,"Mar 29, 2020",0.8658008658008658
Moldova,MDA,"Mar 30, 2020",0.7604562737642585
Moldova,MDA,"Mar 31, 2020",0.6711409395973155
Moldova,MDA,"Apr 1, 2020",1.13314447592068
Montenegro,MNE,"Apr 1, 2020",0.9174311926605505
Morocco,MAR,"Mar 23, 2020",3.4782608695652173
Morocco,MAR,"Mar 24, 2020",2.9850746268656714
Morocco,MAR,"Mar 25, 2020",2.941176470588235
Morocco,MAR,"Mar 26, 2020",2.666666666666667
Morocco,MAR,"Mar 27, 2020",3.6363636363636362
Morocco,MAR,"Mar 28, 2020",6.666666666666667
Morocco,MAR,"Mar 29, 2020",6.424581005586592
Morocco,MAR,"Mar 30, 2020",5.427974947807933
Morocco,MAR,"Mar 31, 2020",5.935251798561151
Morocco,MAR,"Apr 1, 2020",5.834683954619125
Netherlands,NLD,"Mar 7, 2020",0.78125
Netherlands,NLD,"Mar 8, 2020",0.5319148936170213
Netherlands,NLD,"Mar 9, 2020",1.1320754716981132
Netherlands,NLD,"Mar 10, 2020",0.9345794392523363
Netherlands,NLD,"Mar 11, 2020",1.0471204188481675
Netherlands,NLD,"Mar 12, 2020",0.9940357852882704
Netherlands,NLD,"Mar 13, 2020",0.8143322475570033
Netherlands,NLD,"Mar 14, 2020",0.6218905472636816
Netherlands,NLD,"Mar 15, 2020",1.251303441084463
Netherlands,NLD,"Mar 16, 2020",1.762114537444934
Netherlands,NLD,"Mar 17, 2020",1.6985138004246285
Netherlands,NLD,"Mar 18, 2020",2.5219941348973607
Netherlands,NLD,"Mar 19, 2020",2.8278888347147735
Netherlands,NLD,"Mar 20, 2020",3.089430894308943
Netherlands,NLD,"Mar 21, 2020",3.5404141616566465
Netherlands,NLD,"Mar 22, 2020",3.745524648857064
Netherlands,NLD,"Mar 23, 2020",4.257849666983825
Netherlands,NLD,"Mar 24, 2020",4.485154769425142
Netherlands,NLD,"Mar 25, 2020",4.9640287769784175
Netherlands,NLD,"Mar 26, 2020",5.552089831565814
Netherlands,NLD,"Mar 27, 2020",5.840398331314763
Netherlands,NLD,"Mar 28, 2020",6.346623270951994
Netherlands,NLD,"Mar 29, 2020",6.54578979717271
Netherlands,NLD,"Mar 30, 2020",7.095527332965212
Netherlands,NLD,"Mar 31, 2020",7.353191489361702
Netherlands,NLD,"Apr 1, 2020",8.249305279872965
New Zealand,NZL,"Mar 23, 2020",0
New Zealand,NZL,"Mar 24, 2020",0
New Zealand,NZL,"Mar 25, 2020",0
New Zealand,NZL,"Mar 26, 2020",0
New Zealand,NZL,"Mar 27, 2020",0
New Zealand,NZL,"Mar 28, 2020",0
New Zealand,NZL,"Mar 29, 2020",0.21008403361344538
New Zealand,NZL,"Mar 30, 2020",0.18115942028985507
New Zealand,NZL,"Mar 31, 2020",0.1545595054095827
New Zealand,NZL,"Apr 1, 2020",0.1545595054095827
Nigeria,NGA,"Mar 31, 2020",1.5267175572519083
Nigeria,NGA,"Apr 1, 2020",1.5267175572519083
Norway,NOR,"Mar 7, 2020",0
Norway,NOR,"Mar 8, 2020",0
Norway,NOR,"Mar 9, 2020",0
Norway,NOR,"Mar 10, 2020",0
Norway,NOR,"Mar 11, 2020",0
Norway,NOR,"Mar 12, 2020",0
Norway,NOR,"Mar 13, 2020",0.1610305958132045
Norway,NOR,"Mar 14, 2020",0.1610305958132045
Norway,NOR,"Mar 15, 2020",0.11025358324145534
Norway,NOR,"Mar 16, 2020",0.09285051067780872
Norway,NOR,"Mar 17, 2020",0.2566295979469632
Norway,NOR,"Mar 18, 2020",0.22935779816513763
Norway,NOR,"Mar 19, 2020",0.21082220660576245
Norway,NOR,"Mar 20, 2020",0.3865979381443299
Norway,NOR,"Mar 21, 2020",0.4018369690011481
Norway,NOR,"Mar 22, 2020",0.363447559709242
Norway,NOR,"Mar 23, 2020",0.3283302063789869
Norway,NOR,"Mar 24, 2020",0.3374103753690426
Norway,NOR,"Mar 25, 2020",0.3897116134060795
Norway,NOR,"Mar 26, 2020",0.411522633744856
Norway,NOR,"Mar 27, 2020",0.4435994930291508
Norway,NOR,"Mar 28, 2020",0.4468025691147724
Norway,NOR,"Mar 29, 2020",0.5201560468140443
Norway,NOR,"Mar 30, 2020",0.5363237445148707
Norway,NOR,"Mar 31, 2020",0.6152389966871746
Norway,NOR,"Apr 1, 2020",0.6296379581740499
Oman,OMN,"Mar 27, 2020",0
Oman,OMN,"Mar 28, 2020",0
Oman,OMN,"Mar 29, 2020",0
Oman,OMN,"Mar 30, 2020",0
Oman,OMN,"Mar 31, 2020",0
Oman,OMN,"Apr 1, 2020",0.5208333333333333
Pakistan,PAK,"Mar 17, 2020",0
Pakistan,PAK,"Mar 18, 2020",0
Pakistan,PAK,"Mar 19, 2020",0
Pakistan,PAK,"Mar 20, 2020",0.41841004184100417
Pakistan,PAK,"Mar 21, 2020",0.6060606060606061
Pakistan,PAK,"Mar 22, 2020",0.46439628482972134
Pakistan,PAK,"Mar 23, 2020",0.6377551020408163
Pakistan,PAK,"Mar 24, 2020",0.6764374295377678
Pakistan,PAK,"Mar 25, 2020",0.7063572149344097
Pakistan,PAK,"Mar 26, 2020",0.7568590350047304
Pakistan,PAK,"Mar 27, 2020",0.7518796992481203
Pakistan,PAK,"Mar 28, 2020",0.7518796992481203
Pakistan,PAK,"Mar 29, 2020",0.78125
Pakistan,PAK,"Mar 30, 2020",0.8519003931847969
Pakistan,PAK,"Mar 31, 2020",1.1076923076923075
Pakistan,PAK,"Apr 1, 2020",1.2751348700343306
Palestine,PSE,"Mar 30, 2020",0.9433962264150944
Palestine,PSE,"Mar 31, 2020",0.8695652173913043
Palestine,PSE,"Apr 1, 2020",0.8547008547008548
Panama,PAN,"Mar 19, 2020",0.9174311926605505
Panama,PAN,"Mar 20, 2020",0.7299270072992701
Panama,PAN,"Mar 21, 2020",0.5
Panama,PAN,"Mar 22, 2020",1.2244897959183674
Panama,PAN,"Mar 23, 2020",0.9584664536741214
Panama,PAN,"Mar 24, 2020",1.7391304347826086
Panama,PAN,"Mar 25, 2020",1.3544018058690745
Panama,PAN,"Mar 26, 2020",1.0204081632653061
Panama,PAN,"Mar 27, 2020",1.3353115727002967
Panama,PAN,"Mar 28, 2020",1.7811704834605597
Panama,PAN,"Mar 29, 2020",1.8867924528301887
Panama,PAN,"Mar 30, 2020",2.4266936299292214
Panama,PAN,"Mar 31, 2020",2.4186046511627906
Panama,PAN,"Apr 1, 2020",2.5402201524132093
Peru,PER,"Mar 18, 2020",0
Peru,PER,"Mar 19, 2020",0
Peru,PER,"Mar 20, 2020",0.8547008547008548
Peru,PER,"Mar 21, 2020",1.1406844106463878
Peru,PER,"Mar 22, 2020",1.5723270440251573
Peru,PER,"Mar 23, 2020",1.3774104683195594
Peru,PER,"Mar 24, 2020",1.2658227848101267
Peru,PER,"Mar 25, 2020",1.6826923076923077
Peru,PER,"Mar 26, 2020",1.4336917562724014
Peru,PER,"Mar 27, 2020",1.5517241379310345
Peru,PER,"Mar 28, 2020",1.7322834645669292
Peru,PER,"Mar 29, 2020",2.384500745156483
Peru,PER,"Mar 30, 2020",2.112676056338028
Peru,PER,"Mar 31, 2020",2.526315789473684
Peru,PER,"Apr 1, 2020",2.8169014084507045
Philippines,PHL,"Mar 15, 2020",5.405405405405405
Philippines,PHL,"Mar 16, 2020",8.571428571428571
Philippines,PHL,"Mar 17, 2020",8.450704225352112
Philippines,PHL,"Mar 18, 2020",7.4866310160427805
Philippines,PHL,"Mar 19, 2020",8.415841584158416
Philippines,PHL,"Mar 20, 2020",7.82608695652174
Philippines,PHL,"Mar 21, 2020",7.82608695652174
Philippines,PHL,"Mar 22, 2020",6.578947368421052
Philippines,PHL,"Mar 23, 2020",6.578947368421052
Philippines,PHL,"Mar 24, 2020",7.142857142857142
Philippines,PHL,"Mar 25, 2020",6.340579710144928
Philippines,PHL,"Mar 26, 2020",5.9748427672955975
Philippines,PHL,"Mar 27, 2020",6.364922206506366
Philippines,PHL,"Mar 28, 2020",6.724782067247821
Philippines,PHL,"Mar 29, 2020",6.325581395348837
Philippines,PHL,"Mar 30, 2020",5.007052186177715
Philippines,PHL,"Mar 31, 2020",4.222648752399232
Philippines,PHL,"Apr 1, 2020",4.222648752399232
Poland,POL,"Mar 15, 2020",2.8846153846153846
Poland,POL,"Mar 16, 2020",2.4
Poland,POL,"Mar 17, 2020",2.2598870056497176
Poland,POL,"Mar 18, 2020",2.100840336134454
Poland,POL,"Mar 19, 2020",1.7421602787456445
Poland,POL,"Mar 20, 2020",1.4084507042253522
Poland,POL,"Mar 21, 2020",1.1764705882352942
Poland,POL,"Mar 22, 2020",0.9328358208955223
Poland,POL,"Mar 23, 2020",1.1041009463722398
Poland,POL,"Mar 24, 2020",1.0680907877169559
Poland,POL,"Mar 25, 2020",1.1098779134295227
Poland,POL,"Mar 26, 2020",1.3320647002854424
Poland,POL,"Mar 27, 2020",1.3104013104013106
Poland,POL,"Mar 28, 2020",1.1519078473722102
Poland,POL,"Mar 29, 2020",1.098901098901099
Poland,POL,"Mar 30, 2020",1.1815252416756177
Poland,POL,"Mar 31, 2020",1.508515815085158
Poland,POL,"Apr 1, 2020",1.4279532669839896
Portugal,PRT,"Mar 14, 2020",0
Portugal,PRT,"Mar 15, 2020",0
Portugal,PRT,"Mar 16, 2020",0
Portugal,PRT,"Mar 17, 2020",0
Portugal,PRT,"Mar 18, 2020",0.2232142857142857
Portugal,PRT,"Mar 19, 2020",0.3115264797507788
Portugal,PRT,"Mar 20, 2020",0.3821656050955414
Portugal,PRT,"Mar 21, 2020",0.5882352941176471
Portugal,PRT,"Mar 22, 2020",0.9375
Portugal,PRT,"Mar 23, 2020",0.8750000000000001
Portugal,PRT,"Mar 24, 2020",1.116504854368932
Portugal,PRT,"Mar 25, 2020",1.397121083827265
Portugal,PRT,"Mar 26, 2020",1.4357262103505843
Portugal,PRT,"Mar 27, 2020",1.6930022573363432
Portugal,PRT,"Mar 28, 2020",1.7806935332708531
Portugal,PRT,"Mar 29, 2020",1.9342359767891684
Portugal,PRT,"Mar 30, 2020",1.9959745051995974
Portugal,PRT,"Mar 31, 2020",2.184769038701623
Portugal,PRT,"Apr 1, 2020",2.149670831653903
Puerto Rico,PRI,"Mar 29, 2020",3
Puerto Rico,PRI,"Mar 30, 2020",3.937007874015748
Puerto Rico,PRI,"Mar 31, 2020",3.4482758620689653
Puerto Rico,PRI,"Apr 1, 2020",3.3472803347280333
Qatar,QAT,"Mar 12, 2020",0
Qatar,QAT,"Mar 14, 2020",0
Qatar,QAT,"Mar 15, 2020",0
Qatar,QAT,"Mar 16, 2020",0
Qatar,QAT,"Mar 17, 2020",0
Qatar,QAT,"Mar 18, 2020",0
Qatar,QAT,"Mar 19, 2020",0
Qatar,QAT,"Mar 20, 2020",0
Qatar,QAT,"Mar 21, 2020",0
Qatar,QAT,"Mar 22, 2020",0
Qatar,QAT,"Mar 23, 2020",0
Qatar,QAT,"Mar 24, 2020",0
Qatar,QAT,"Mar 25, 2020",0
Qatar,QAT,"Mar 26, 2020",0
Qatar,QAT,"Mar 27, 2020",0
Qatar,QAT,"Mar 28, 2020",0
Qatar,QAT,"Mar 29, 2020",0.1694915254237288
Qatar,QAT,"Mar 30, 2020",0.15772870662460567
Qatar,QAT,"Mar 31, 2020",0.1443001443001443
Qatar,QAT,"Apr 1, 2020",0.2560819462227913
Romania,ROU,"Mar 15, 2020",0
Romania,ROU,"Mar 16, 2020",0
Romania,ROU,"Mar 17, 2020",0
Romania,ROU,"Mar 18, 2020",0
Romania,ROU,"Mar 19, 2020",0
Romania,ROU,"Mar 20, 2020",0
Romania,ROU,"Mar 21, 2020",0
Romania,ROU,"Mar 22, 2020",0
Romania,ROU,"Mar 23, 2020",0.4618937644341801
Romania,ROU,"Mar 24, 2020",1.215277777777778
Romania,ROU,"Mar 25, 2020",1.4435695538057742
Romania,ROU,"Mar 26, 2020",1.434878587196468
Romania,ROU,"Mar 27, 2020",1.6520894071914478
Romania,ROU,"Mar 28, 2020",1.8575851393188854
Romania,ROU,"Mar 29, 2020",1.997245179063361
Romania,ROU,"Mar 30, 2020",2.272727272727273
Romania,ROU,"Mar 31, 2020",2.2540983606557377
Romania,ROU,"Apr 1, 2020",3.0734966592427617
Russia,RUS,"Mar 18, 2020",0
Russia,RUS,"Mar 19, 2020",0
Russia,RUS,"Mar 20, 2020",0
Russia,RUS,"Mar 21, 2020",0
Russia,RUS,"Mar 22, 2020",0
Russia,RUS,"Mar 23, 2020",0
Russia,RUS,"Mar 24, 2020",0
Russia,RUS,"Mar 25, 2020",0
Russia,RUS,"Mar 26, 2020",0
Russia,RUS,"Mar 27, 2020",0.2380952380952381
Russia,RUS,"Mar 28, 2020",0.3861003861003861
Russia,RUS,"Mar 29, 2020",0.39556962025316456
Russia,RUS,"Mar 30, 2020",0.5215123859191656
Russia,RUS,"Mar 31, 2020",0.5446623093681917
Russia,RUS,"Apr 1, 2020",0.727428326914848
San Marino,SMR,"Mar 17, 2020",8.823529411764707
San Marino,SMR,"Mar 18, 2020",10.576923076923077
San Marino,SMR,"Mar 19, 2020",12.844036697247708
San Marino,SMR,"Mar 20, 2020",11.11111111111111
San Marino,SMR,"Mar 21, 2020",9.271523178807946
San Marino,SMR,"Mar 22, 2020",13.245033112582782
San Marino,SMR,"Mar 23, 2020",13.245033112582782
San Marino,SMR,"Mar 24, 2020",10.695187165775401
San Marino,SMR,"Mar 25, 2020",11.229946524064172
San Marino,SMR,"Mar 26, 2020",10.096153846153847
San Marino,SMR,"Mar 27, 2020",9.63302752293578
San Marino,SMR,"Mar 28, 2020",9.417040358744394
San Marino,SMR,"Mar 29, 2020",9.821428571428571
San Marino,SMR,"Mar 30, 2020",10.480349344978166
San Marino,SMR,"Mar 31, 2020",10.91703056768559
San Marino,SMR,"Apr 1, 2020",11.304347826086957
Saudi Arabia,SAU,"Mar 16, 2020",0
Saudi Arabia,SAU,"Mar 17, 2020",0
Saudi Arabia,SAU,"Mar 18, 2020",0
Saudi Arabia,SAU,"Mar 19, 2020",0
Saudi Arabia,SAU,"Mar 20, 2020",0
Saudi Arabia,SAU,"Mar 21, 2020",0
Saudi Arabia,SAU,"Mar 22, 2020",0
Saudi Arabia,SAU,"Mar 23, 2020",0
Saudi Arabia,SAU,"Mar 24, 2020",0
Saudi Arabia,SAU,"Mar 25, 2020",0.1303780964797914
Saudi Arabia,SAU,"Mar 26, 2020",0.2222222222222222
Saudi Arabia,SAU,"Mar 27, 2020",0.2964426877470355
Saudi Arabia,SAU,"Mar 28, 2020",0.2717391304347826
Saudi Arabia,SAU,"Mar 29, 2020",0.3325020781379884
Saudi Arabia,SAU,"Mar 30, 2020",0.6509357200976403
Saudi Arabia,SAU,"Mar 31, 2020",0.5505849965588437
Saudi Arabia,SAU,"Apr 1, 2020",0.6397952655150352
Senegal,SEN,"Mar 27, 2020",0
Senegal,SEN,"Mar 28, 2020",0
Senegal,SEN,"Mar 29, 2020",0
Senegal,SEN,"Mar 30, 2020",0
Senegal,SEN,"Mar 31, 2020",0
Senegal,SEN,"Apr 1, 2020",0
Serbia,SRB,"Mar 20, 2020",0
Serbia,SRB,"Mar 21, 2020",0.7407407407407408
Serbia,SRB,"Mar 22, 2020",0.6711409395973155
Serbia,SRB,"Mar 23, 2020",0.5319148936170213
Serbia,SRB,"Mar 24, 2020",0.45045045045045046
Serbia,SRB,"Mar 25, 2020",0.4016064257028112
Serbia,SRB,"Mar 26, 2020",0.6600660066006601
Serbia,SRB,"Mar 27, 2020",0.78125
Serbia,SRB,"Mar 28, 2020",1.312910284463895
Serbia,SRB,"Mar 29, 2020",1.5174506828528074
Serbia,SRB,"Mar 30, 2020",1.7543859649122806
Serbia,SRB,"Mar 31, 2020",1.7543859649122806
Serbia,SRB,"Apr 1, 2020",2.555555555555556
Singapore,SGP,"Mar 1, 2020",0
Singapore,SGP,"Mar 2, 2020",0
Singapore,SGP,"Mar 3, 2020",0
Singapore,SGP,"Mar 4, 2020",0
Singapore,SGP,"Mar 5, 2020",0
Singapore,SGP,"Mar 6, 2020",0
Singapore,SGP,"Mar 7, 2020",0
Singapore,SGP,"Mar 8, 2020",0
Singapore,SGP,"Mar 9, 2020",0
Singapore,SGP,"Mar 10, 2020",0
Singapore,SGP,"Mar 11, 2020",0
Singapore,SGP,"Mar 12, 2020",0
Singapore,SGP,"Mar 13, 2020",0
Singapore,SGP,"Mar 14, 2020",0
Singapore,SGP,"Mar 15, 2020",0
Singapore,SGP,"Mar 16, 2020",0
Singapore,SGP,"Mar 17, 2020",0
Singapore,SGP,"Mar 18, 2020",0
Singapore,SGP,"Mar 19, 2020",0
Singapore,SGP,"Mar 20, 2020",0
Singapore,SGP,"Mar 21, 2020",0
Singapore,SGP,"Mar 22, 2020",0.4629629629629629
Singapore,SGP,"Mar 23, 2020",0.43956043956043955
Singapore,SGP,"Mar 24, 2020",0.3929273084479371
Singapore,SGP,"Mar 25, 2020",0.35842293906810035
Singapore,SGP,"Mar 26, 2020",0.35211267605633806
Singapore,SGP,"Mar 27, 2020",0.33670033670033667
Singapore,SGP,"Mar 28, 2020",0.273224043715847
Singapore,SGP,"Mar 29, 2020",0.37359900373599003
Singapore,SGP,"Mar 30, 2020",0.35545023696682465
Singapore,SGP,"Mar 31, 2020",0.35545023696682465
Singapore,SGP,"Apr 1, 2020",0.3412969283276451
Slovakia,SVK,"Mar 19, 2020",0
Slovakia,SVK,"Mar 20, 2020",0
Slovakia,SVK,"Mar 21, 2020",0
Slovakia,SVK,"Mar 22, 2020",0
Slovakia,SVK,"Mar 23, 2020",0
Slovakia,SVK,"Mar 24, 2020",0
Slovakia,SVK,"Mar 25, 2020",0
Slovakia,SVK,"Mar 26, 2020",0
Slovakia,SVK,"Mar 27, 2020",0
Slovakia,SVK,"Mar 28, 2020",0
Slovakia,SVK,"Mar 29, 2020",0
Slovakia,SVK,"Mar 30, 2020",0
Slovakia,SVK,"Mar 31, 2020",0
Slovakia,SVK,"Apr 1, 2020",0
Slovenia,SVN,"Mar 14, 2020",0
Slovenia,SVN,"Mar 15, 2020",0
Slovenia,SVN,"Mar 16, 2020",0
Slovenia,SVN,"Mar 17, 2020",0
Slovenia,SVN,"Mar 18, 2020",0.36363636363636365
Slovenia,SVN,"Mar 19, 2020",0.34965034965034963
Slovenia,SVN,"Mar 20, 2020",0.3134796238244514
Slovenia,SVN,"Mar 21, 2020",0.2932551319648094
Slovenia,SVN,"Mar 22, 2020",0.26109660574412535
Slovenia,SVN,"Mar 23, 2020",0.24154589371980675
Slovenia,SVN,"Mar 24, 2020",0.22624434389140274
Slovenia,SVN,"Mar 25, 2020",0.625
Slovenia,SVN,"Mar 26, 2020",0.7575757575757576
Slovenia,SVN,"Mar 27, 2020",0.8665511265164645
Slovenia,SVN,"Mar 28, 2020",1.4240506329113924
Slovenia,SVN,"Mar 29, 2020",1.3024602026049203
Slovenia,SVN,"Mar 30, 2020",1.5068493150684932
Slovenia,SVN,"Mar 31, 2020",1.4416775884665793
Slovenia,SVN,"Apr 1, 2020",1.597051597051597
South Africa,ZAF,"Mar 19, 2020",0
South Africa,ZAF,"Mar 20, 2020",0
South Africa,ZAF,"Mar 21, 2020",0
South Africa,ZAF,"Mar 22, 2020",0
South Africa,ZAF,"Mar 23, 2020",0
South Africa,ZAF,"Mar 24, 2020",0
South Africa,ZAF,"Mar 25, 2020",0
South Africa,ZAF,"Mar 26, 2020",0
South Africa,ZAF,"Mar 27, 2020",0.2157497303128371
South Africa,ZAF,"Mar 28, 2020",0.17094017094017094
South Africa,ZAF,"Mar 29, 2020",0.16849199663016007
South Africa,ZAF,"Mar 30, 2020",0.15625
South Africa,ZAF,"Mar 31, 2020",0.22624434389140274
South Africa,ZAF,"Apr 1, 2020",0.36954915003695493
South Korea,KOR,"Feb 21, 2020",0.6451612903225806
South Korea,KOR,"Feb 22, 2020",0.5797101449275363
South Korea,KOR,"Feb 23, 2020",0.8319467554076538
South Korea,KOR,"Feb 24, 2020",0.9186351706036745
South Korea,KOR,"Feb 25, 2020",0.8968609865470852
South Korea,KOR,"Feb 26, 2020",0.9598603839441536
South Korea,KOR,"Feb 27, 2020",0.7523510971786834
South Korea,KOR,"Feb 28, 2020",0.6429277942631058
South Korea,KOR,"Feb 29, 2020",0.5458887751620608
South Korea,KOR,"Mar 1, 2020",0.4821327283040272
South Korea,KOR,"Mar 2, 2020",0.5223171889838557
South Korea,KOR,"Mar 3, 2020",0.5818786367414797
South Korea,KOR,"Mar 4, 2020",0.6006006006006006
South Korea,KOR,"Mar 5, 2020",0.6070065903572668
South Korea,KOR,"Mar 6, 2020",0.668364099299809
South Korea,KOR,"Mar 7, 2020",0.6502142751588591
South Korea,KOR,"Mar 8, 2020",0.7008690776562938
South Korea,KOR,"Mar 9, 2020",0.6908696830127337
South Korea,KOR,"Mar 10, 2020",0.7187541594569413
South Korea,KOR,"Mar 11, 2020",0.7736943907156674
South Korea,KOR,"Mar 12, 2020",0.8387342737323675
South Korea,KOR,"Mar 13, 2020",0.8397042235869157
South Korea,KOR,"Mar 14, 2020",0.8904279000742024
South Korea,KOR,"Mar 15, 2020",0.9188924283263906
South Korea,KOR,"Mar 16, 2020",0.9106362311801847
South Korea,KOR,"Mar 17, 2020",0.9735576923076923
South Korea,KOR,"Mar 18, 2020",1.0222275050517058
South Korea,KOR,"Mar 19, 2020",1.0624635143023935
South Korea,KOR,"Mar 20, 2020",1.155802126675913
South Korea,KOR,"Mar 21, 2020",1.1705875667689511
South Korea,KOR,"Mar 22, 2020",1.1689333483196582
South Korea,KOR,"Mar 23, 2020",1.2610199754491687
South Korea,KOR,"Mar 24, 2020",1.327874294566781
South Korea,KOR,"Mar 25, 2020",1.3790084272737222
South Korea,KOR,"Mar 26, 2020",1.4175954983226924
South Korea,KOR,"Mar 27, 2020",1.4894984997856837
South Korea,KOR,"Mar 28, 2020",1.519307870858831
South Korea,KOR,"Mar 29, 2020",1.5861421266826672
South Korea,KOR,"Mar 30, 2020",1.6354414656867817
South Korea,KOR,"Mar 31, 2020",1.6656447986920089
South Korea,KOR,"Apr 1, 2020",1.6656447986920089
Spain,ESP,"Mar 3, 2020",0
Spain,ESP,"Mar 4, 2020",0
Spain,ESP,"Mar 5, 2020",0.5
Spain,ESP,"Mar 6, 2020",1.1494252873563218
Spain,ESP,"Mar 7, 2020",1.3368983957219251
Spain,ESP,"Mar 8, 2020",1.1627906976744187
Spain,ESP,"Mar 9, 2020",0.8488964346349746
Spain,ESP,"Mar 10, 2020",2.3255813953488373
Spain,ESP,"Mar 11, 2020",2.1354484441732766
Spain,ESP,"Mar 12, 2020",2.196261682242991
Spain,ESP,"Mar 13, 2020",2.796271637816245
Spain,ESP,"Mar 14, 2020",2.8598440085086265
Spain,ESP,"Mar 15, 2020",2.363984008343473
Spain,ESP,"Mar 16, 2020",3.714691087321037
Spain,ESP,"Mar 17, 2020",3.361984550103362
Spain,ESP,"Mar 18, 2020",4.392556808015746
Spain,ESP,"Mar 19, 2020",4.359871682706328
Spain,ESP,"Mar 20, 2020",4.473085670962851
Spain,ESP,"Mar 21, 2020",5.015015015015015
Spain,ESP,"Mar 22, 2020",5.319746449490491
Spain,ESP,"Mar 23, 2020",6.0198796024079515
Spain,ESP,"Mar 24, 2020",6.594336486445647
Spain,ESP,"Mar 25, 2020",6.795553651097724
Spain,ESP,"Mar 26, 2020",7.212770426381013
Spain,ESP,"Mar 27, 2020",7.27735459528725
Spain,ESP,"Mar 28, 2020",7.583633837556003
Spain,ESP,"Mar 29, 2020",7.875650537039087
Spain,ESP,"Mar 30, 2020",8.284579362158457
Spain,ESP,"Mar 31, 2020",8.615529080345091
Spain,ESP,"Apr 1, 2020",8.673226219854476
Sri Lanka,LKA,"Mar 25, 2020",0
Sri Lanka,LKA,"Mar 26, 2020",0
Sri Lanka,LKA,"Mar 27, 2020",0
Sri Lanka,LKA,"Mar 28, 2020",0
Sri Lanka,LKA,"Mar 29, 2020",0.8695652173913043
Sri Lanka,LKA,"Mar 30, 2020",0.8333333333333334
Sri Lanka,LKA,"Mar 31, 2020",0.8333333333333334
Sri Lanka,LKA,"Apr 1, 2020",1.639344262295082
Sweden,SWE,"Mar 7, 2020",0
Sweden,SWE,"Mar 8, 2020",0
Sweden,SWE,"Mar 9, 2020",0
Sweden,SWE,"Mar 10, 2020",0
Sweden,SWE,"Mar 11, 2020",0
Sweden,SWE,"Mar 12, 2020",0.21645021645021645
Sweden,SWE,"Mar 13, 2020",0.16129032258064516
Sweden,SWE,"Mar 14, 2020",0.12903225806451613
Sweden,SWE,"Mar 15, 2020",0.10822510822510822
Sweden,SWE,"Mar 16, 2020",0.29069767441860467
Sweden,SWE,"Mar 17, 2020",0.6244424620874219
Sweden,SWE,"Mar 18, 2020",0.6855184233076265
Sweden,SWE,"Mar 19, 2020",0.7686395080707148
Sweden,SWE,"Mar 20, 2020",0.7027406886858749
Sweden,SWE,"Mar 21, 2020",0.9858287122612447
Sweden,SWE,"Mar 22, 2020",1.145475372279496
Sweden,SWE,"Mar 23, 2020",1.1017838405036726
Sweden,SWE,"Mar 24, 2020",1.2400793650793651
Sweden,SWE,"Mar 25, 2020",1.584507042253521
Sweden,SWE,"Mar 26, 2020",1.6733067729083666
Sweden,SWE,"Mar 27, 2020",2.3521026372059874
Sweden,SWE,"Mar 28, 2020",3.020354563361786
Sweden,SWE,"Mar 29, 2020",2.959094865100087
Sweden,SWE,"Mar 30, 2020",2.9729729729729732
Sweden,SWE,"Mar 31, 2020",3.624627606752731
Sweden,SWE,"Apr 1, 2020",4.058624577226606
Switzerland,CHE,"Mar 7, 2020",0.4784688995215311
Switzerland,CHE,"Mar 8, 2020",0.3787878787878788
Switzerland,CHE,"Mar 9, 2020",0.6024096385542169
Switzerland,CHE,"Mar 10, 2020",0.53475935828877
Switzerland,CHE,"Mar 11, 2020",0.6122448979591837
Switzerland,CHE,"Mar 12, 2020",0.6230529595015576
Switzerland,CHE,"Mar 13, 2020",0.468384074941452
Switzerland,CHE,"Mar 14, 2020",0.6244424620874219
Switzerland,CHE,"Mar 15, 2020",0.8094186902133923
Switzerland,CHE,"Mar 16, 2020",0.5909090909090909
Switzerland,CHE,"Mar 17, 2020",0.6363636363636364
Switzerland,CHE,"Mar 18, 2020",0.7169811320754716
Switzerland,CHE,"Mar 19, 2020",0.6976744186046512
Switzerland,CHE,"Mar 20, 2020",0.8487654320987654
Switzerland,CHE,"Mar 21, 2020",0.8884297520661157
Switzerland,CHE,"Mar 22, 2020",0.9215073226921179
Switzerland,CHE,"Mar 23, 2020",0.8607086501219336
Switzerland,CHE,"Mar 24, 2020",0.8234560199625701
Switzerland,CHE,"Mar 25, 2020",0.9784958470815792
Switzerland,CHE,"Mar 26, 2020",1.0603253036854026
Switzerland,CHE,"Mar 27, 2020",1.502706738846369
Switzerland,CHE,"Mar 28, 2020",1.6275611368142762
Switzerland,CHE,"Mar 29, 2020",1.7868004866180047
Switzerland,CHE,"Mar 30, 2020",1.8004763906403252
Switzerland,CHE,"Mar 31, 2020",1.9140929146119905
Switzerland,CHE,"Apr 1, 2020",2.315619567916563
Taiwan,TWN,"Mar 19, 2020",0.9259259259259258
Taiwan,TWN,"Mar 20, 2020",0.9259259259259258
Taiwan,TWN,"Mar 21, 2020",1.4814814814814816
Taiwan,TWN,"Mar 22, 2020",1.3071895424836601
Taiwan,TWN,"Mar 23, 2020",1.2121212121212122
Taiwan,TWN,"Mar 24, 2020",1.0256410256410255
Taiwan,TWN,"Mar 25, 2020",0.9259259259259258
Taiwan,TWN,"Mar 26, 2020",0.851063829787234
Taiwan,TWN,"Mar 27, 2020",0.7936507936507936
Taiwan,TWN,"Mar 28, 2020",0.7490636704119851
Taiwan,TWN,"Mar 29, 2020",0.7067137809187279
Taiwan,TWN,"Mar 30, 2020",1.6339869281045754
Taiwan,TWN,"Mar 31, 2020",1.6339869281045754
Taiwan,TWN,"Apr 1, 2020",1.5527950310559007
Thailand,THA,"Mar 16, 2020",0.8771929824561403
Thailand,THA,"Mar 17, 2020",0.5649717514124294
Thailand,THA,"Mar 18, 2020",0.5649717514124294
Thailand,THA,"Mar 19, 2020",0.5649717514124294
Thailand,THA,"Mar 20, 2020",0.4716981132075472
Thailand,THA,"Mar 21, 2020",0.273224043715847
Thailand,THA,"Mar 22, 2020",0.1669449081803005
Thailand,THA,"Mar 23, 2020",0.13869625520110956
Thailand,THA,"Mar 24, 2020",0.48367593712212814
Thailand,THA,"Mar 25, 2020",0.4282655246252677
Thailand,THA,"Mar 26, 2020",0.3827751196172249
Thailand,THA,"Mar 27, 2020",0.44014084507042256
Thailand,THA,"Mar 28, 2020",0.44014084507042256
Thailand,THA,"Mar 29, 2020",0.48192771084337355
Thailand,THA,"Mar 30, 2020",0.5043227665706052
Thailand,THA,"Mar 31, 2020",0.6056935190793459
Thailand,THA,"Apr 1, 2020",0.6056935190793459
Tunisia,TUN,"Mar 25, 2020",2.631578947368421
Tunisia,TUN,"Mar 26, 2020",2.8901734104046244
Tunisia,TUN,"Mar 27, 2020",2.8901734104046244
Tunisia,TUN,"Mar 28, 2020",2.643171806167401
Tunisia,TUN,"Mar 29, 2020",2.643171806167401
Tunisia,TUN,"Mar 30, 2020",2.877697841726619
Tunisia,TUN,"Mar 31, 2020",2.564102564102564
Tunisia,TUN,"Apr 1, 2020",2.4861878453038675
Turkey,TUR,"Mar 19, 2020",0.5235602094240838
Turkey,TUR,"Mar 20, 2020",1.1142061281337048
Turkey,TUR,"Mar 21, 2020",1.3432835820895521
Turkey,TUR,"Mar 22, 2020",2.2175290390707496
Turkey,TUR,"Mar 23, 2020",2.4271844660194173
Turkey,TUR,"Mar 24, 2020",2.419882275997384
Turkey,TUR,"Mar 25, 2020",2.3504273504273505
Turkey,TUR,"Mar 26, 2020",2.424989724619811
Turkey,TUR,"Mar 27, 2020",2.066685037200331
Turkey,TUR,"Mar 28, 2020",1.6146016146016147
Turkey,TUR,"Mar 29, 2020",1.4590651175358011
Turkey,TUR,"Mar 30, 2020",1.421286752739503
Turkey,TUR,"Mar 31, 2020",1.4564369310793237
Turkey,TUR,"Apr 1, 2020",1.387628063804954
Ukraine,UKR,"Mar 26, 2020",3.5398230088495577
Ukraine,UKR,"Mar 27, 2020",3.205128205128205
Ukraine,UKR,"Mar 28, 2020",2.293577981651376
Ukraine,UKR,"Mar 29, 2020",2.572347266881029
Ukraine,UKR,"Mar 30, 2020",2.15311004784689
Ukraine,UKR,"Mar 31, 2020",2.2916666666666665
Ukraine,UKR,"Apr 1, 2020",2.3679417122040074
United Arab Emirates,ARE,"Mar 18, 2020",0
United Arab Emirates,ARE,"Mar 19, 2020",0
United Arab Emirates,ARE,"Mar 20, 2020",0
United Arab Emirates,ARE,"Mar 21, 2020",0
United Arab Emirates,ARE,"Mar 22, 2020",1.3071895424836601
United Arab Emirates,ARE,"Mar 23, 2020",1.3071895424836601
United Arab Emirates,ARE,"Mar 24, 2020",1.0101010101010102
United Arab Emirates,ARE,"Mar 25, 2020",0.8064516129032258
United Arab Emirates,ARE,"Mar 26, 2020",0.6006006006006006
United Arab Emirates,ARE,"Mar 27, 2020",0.6006006006006006
United Arab Emirates,ARE,"Mar 28, 2020",0.49382716049382713
United Arab Emirates,ARE,"Mar 29, 2020",0.4273504273504274
United Arab Emirates,ARE,"Mar 30, 2020",0.4273504273504274
United Arab Emirates,ARE,"Mar 31, 2020",0.8183306055646482
United Arab Emirates,ARE,"Apr 1, 2020",0.9036144578313252
United Kingdom,GBR,"Mar 6, 2020",0.8695652173913043
United Kingdom,GBR,"Mar 7, 2020",0.6134969325153374
United Kingdom,GBR,"Mar 8, 2020",0.9708737864077669
United Kingdom,GBR,"Mar 9, 2020",1.098901098901099
United Kingdom,GBR,"Mar 10, 2020",1.557632398753894
United Kingdom,GBR,"Mar 11, 2020",1.6085790884718498
United Kingdom,GBR,"Mar 12, 2020",1.3157894736842104
United Kingdom,GBR,"Mar 13, 2020",1.694915254237288
United Kingdom,GBR,"Mar 14, 2020",1.4144271570014144
United Kingdom,GBR,"Mar 15, 2020",1.8421052631578945
United Kingdom,GBR,"Mar 16, 2020",2.516175413371675
United Kingdom,GBR,"Mar 17, 2020",3.56448476992871
United Kingdom,GBR,"Mar 18, 2020",3.076923076923077
United Kingdom,GBR,"Mar 19, 2020",3.9163498098859315
United Kingdom,GBR,"Mar 20, 2020",4.394263045468416
United Kingdom,GBR,"Mar 21, 2020",4.443886517700226
United Kingdom,GBR,"Mar 22, 2020",4.643284176962934
United Kingdom,GBR,"Mar 23, 2020",4.9445715291219425
United Kingdom,GBR,"Mar 24, 2020",5.037593984962406
United Kingdom,GBR,"Mar 25, 2020",5.224712145598613
United Kingdom,GBR,"Mar 26, 2020",4.858851925700494
United Kingdom,GBR,"Mar 27, 2020",4.957968776805627
United Kingdom,GBR,"Mar 28, 2020",5.219005707213093
United Kingdom,GBR,"Mar 29, 2020",5.962900111182632
United Kingdom,GBR,"Mar 30, 2020",6.290339104599939
United Kingdom,GBR,"Mar 31, 2020",6.3592430332866625
United Kingdom,GBR,"Apr 1, 2020",7.113320079522863
United States,USA,"Mar 3, 2020",5.825242718446602
United States,USA,"Mar 4, 2020",7.199999999999999
United States,USA,"Mar 5, 2020",6.918238993710692
United States,USA,"Mar 6, 2020",5.150214592274678
United States,USA,"Mar 7, 2020",4.142011834319527
United States,USA,"Mar 8, 2020",3.9260969976905313
United States,USA,"Mar 9, 2020",3.790613718411552
United States,USA,"Mar 10, 2020",3.4482758620689653
United States,USA,"Mar 11, 2020",2.731707317073171
United States,USA,"Mar 12, 2020",2.2865853658536586
United States,USA,"Mar 13, 2020",2.4052916416115453
United States,USA,"Mar 14, 2020",2.1619135234590616
United States,USA,"Mar 15, 2020",1.9315486275838698
United States,USA,"Mar 16, 2020",1.8282988871224166
United States,USA,"Mar 17, 2020",1.8236429950654367
United States,USA,"Mar 18, 2020",1.6804107670763964
United States,USA,"Mar 19, 2020",1.5932023366967605
United States,USA,"Mar 20, 2020",1.0526315789473684
United States,USA,"Mar 21, 2020",1.3249082755809212
United States,USA,"Mar 22, 2020",1.2711705985718025
United States,USA,"Mar 23, 2020",1.3378401408850764
United States,USA,"Mar 24, 2020",1.2704017914818482
United States,USA,"Mar 25, 2020",1.4502724918976662
United States,USA,"Mar 26, 2020",1.5174726132323613
United States,USA,"Mar 27, 2020",1.5071344675605585
United States,USA,"Mar 28, 2020",1.6305905278642798
United States,USA,"Mar 29, 2020",1.7575101271407372
United States,USA,"Mar 30, 2020",1.7542387694459012
United States,USA,"Mar 31, 2020",1.925646944478192
United States,USA,"Apr 1, 2020",2.1511670832937804
Uruguay,URY,"Mar 21, 2020",0
Uruguay,URY,"Mar 22, 2020",0
Uruguay,URY,"Mar 23, 2020",0
Uruguay,URY,"Mar 24, 2020",0
Uruguay,URY,"Mar 25, 2020",0
Uruguay,URY,"Mar 26, 2020",0
Uruguay,URY,"Mar 27, 2020",0
Uruguay,URY,"Mar 28, 2020",0
Uruguay,URY,"Mar 29, 2020",0
Uruguay,URY,"Mar 30, 2020",0.3236245954692557
Uruguay,URY,"Mar 31, 2020",0.3125
Uruguay,URY,"Apr 1, 2020",0.2958579881656805
Uzbekistan,UZB,"Mar 28, 2020",0
Uzbekistan,UZB,"Mar 29, 2020",0.7518796992481203
Uzbekistan,UZB,"Mar 30, 2020",0.6896551724137931
Uzbekistan,UZB,"Mar 31, 2020",1.342281879194631
Uzbekistan,UZB,"Apr 1, 2020",1.1560693641618496
Venezuela,VEN,"Mar 26, 2020",0
Venezuela,VEN,"Mar 27, 2020",0.9345794392523363
Venezuela,VEN,"Mar 28, 2020",0.8403361344537815
Venezuela,VEN,"Mar 29, 2020",0.8403361344537815
Venezuela,VEN,"Mar 30, 2020",0.8403361344537815
Venezuela,VEN,"Mar 31, 2020",2.2222222222222223
Venezuela,VEN,"Apr 1, 2020",2.2222222222222223
Vietnam,VNM,"Mar 23, 2020",0
Vietnam,VNM,"Mar 24, 2020",0
Vietnam,VNM,"Mar 25, 2020",0
Vietnam,VNM,"Mar 26, 2020",0
Vietnam,VNM,"Mar 27, 2020",0
Vietnam,VNM,"Mar 28, 2020",0
Vietnam,VNM,"Mar 29, 2020",0
Vietnam,VNM,"Mar 30, 2020",0
Vietnam,VNM,"Mar 31, 2020",0
Vietnam,VNM,"Apr 1, 2020",0
World,OWID_WRL,"Jan 19, 2020",1.36986301369863
World,OWID_WRL,"Jan 20, 2020",1.2552301255230125
World,OWID_WRL,"Jan 21, 2020",1.530612244897959
World,OWID_WRL,"Jan 22, 2020",3.1835205992509366
World,OWID_WRL,"Jan 23, 2020",2.694136291600634
World,OWID_WRL,"Jan 24, 2020",2.898550724637681
World,OWID_WRL,"Jan 25, 2020",3.037037037037037
World,OWID_WRL,"Jan 26, 2020",2.768166089965398
World,OWID_WRL,"Jan 27, 2020",2.872340425531915
World,OWID_WRL,"Jan 28, 2020",2.3108785698713756
World,OWID_WRL,"Jan 29, 2020",2.1757046316136477
World,OWID_WRL,"Jan 30, 2020",2.1730793813115175
World,OWID_WRL,"Jan 31, 2020",2.167718298392021
World,OWID_WRL,"Feb 1, 2020",2.1680897371505106
World,OWID_WRL,"Feb 2, 2020",2.0956438092620586
World,OWID_WRL,"Feb 3, 2020",2.083813032466037
World,OWID_WRL,"Feb 4, 2020",2.071307300509338
World,OWID_WRL,"Feb 5, 2020",2.0104396052524263
World,OWID_WRL,"Feb 6, 2020",1.9983730060481733
World,OWID_WRL,"Feb 7, 2020",2.025975675589851
World,OWID_WRL,"Feb 8, 2020",2.072538860103627
World,OWID_WRL,"Feb 9, 2020",2.1649978696207923
World,OWID_WRL,"Feb 10, 2020",2.2446965959546126
World,OWID_WRL,"Feb 11, 2020",2.3616749797007306
World,OWID_WRL,"Feb 12, 2020",2.468070035637603
World,OWID_WRL,"Feb 13, 2020",2.270918976263095
World,OWID_WRL,"Feb 14, 2020",2.142757541483972
World,OWID_WRL,"Feb 15, 2020",2.2756061576978674
World,OWID_WRL,"Feb 16, 2020",2.4095863711831376
World,OWID_WRL,"Feb 17, 2020",2.488364268491
World,OWID_WRL,"Feb 18, 2020",2.5543115087212076
World,OWID_WRL,"Feb 19, 2020",2.675852163157825
World,OWID_WRL,"Feb 20, 2020",2.81024259472023
World,OWID_WRL,"Feb 21, 2020",2.928870292887029
World,OWID_WRL,"Feb 22, 2020",3.0319777903449694
World,OWID_WRL,"Feb 23, 2020",3.1251586052885347
World,OWID_WRL,"Feb 24, 2020",3.3010247167219147
World,OWID_WRL,"Feb 25, 2020",3.366944541506514
World,OWID_WRL,"Feb 26, 2020",3.410087042410025
World,OWID_WRL,"Feb 27, 2020",3.410433490456876
World,OWID_WRL,"Feb 28, 2020",3.427097702872908
World,OWID_WRL,"Feb 29, 2020",3.428283041676936
World,OWID_WRL,"Mar 1, 2020",3.42319360176503
World,OWID_WRL,"Mar 2, 2020",3.4198589841469436
World,OWID_WRL,"Mar 3, 2020",3.439071737404041
World,OWID_WRL,"Mar 4, 2020",3.440162446146738
World,OWID_WRL,"Mar 5, 2020",3.443283394183558
World,OWID_WRL,"Mar 6, 2020",3.448029988184004
World,OWID_WRL,"Mar 7, 2020",3.4151547491995733
World,OWID_WRL,"Mar 8, 2020",3.3877003326277593
World,OWID_WRL,"Mar 9, 2020",3.4769132594922287
World,OWID_WRL,"Mar 10, 2020",3.5217802367112543
World,OWID_WRL,"Mar 11, 2020",3.6185819070904643
World,OWID_WRL,"Mar 12, 2020",3.6797692375116533
World,OWID_WRL,"Mar 13, 2020",3.712309117532797
World,OWID_WRL,"Mar 14, 2020",3.7751261982726723
World,OWID_WRL,"Mar 15, 2020",3.805981488699651
World,OWID_WRL,"Mar 16, 2020",3.8860815443978542
World,OWID_WRL,"Mar 17, 2020",3.943452380952381
World,OWID_WRL,"Mar 18, 2020",4.05007288180829
World,OWID_WRL,"Mar 19, 2020",4.14825240441004
World,OWID_WRL,"Mar 20, 2020",4.0777508210790385
World,OWID_WRL,"Mar 21, 2020",4.149299535974858
World,OWID_WRL,"Mar 22, 2020",4.240668333786711
World,OWID_WRL,"Mar 23, 2020",4.3175318587656335
World,OWID_WRL,"Mar 24, 2020",4.329775242248318
World,OWID_WRL,"Mar 25, 2020",4.453214024397558
World,OWID_WRL,"Mar 26, 2020",4.484359543552064
World,OWID_WRL,"Mar 27, 2020",4.484933692330138
World,OWID_WRL,"Mar 28, 2020",4.5610643159417545
World,OWID_WRL,"Mar 29, 2020",4.6354964330624515
World,OWID_WRL,"Mar 30, 2020",4.693347200612844
World,OWID_WRL,"Mar 31, 2020",4.791867286708486
World,OWID_WRL,"Apr 1, 2020",4.909399906235349